名称,英文名,id,poiID,经度,维度,标签,特色,价格,最低价格,评价分数,评论数量,封面图片,成人票价格,老人票价格,学生票价格,儿童票价格,建议游玩,开放时间,介绍,优待政策
北京环球度假区,Universal Beijing Resort,2045497,31677717,39.855181,116.68124,游乐场|嗨玩乐园,大片世界，在此成真,0,0,4.5,8710,https://youimg1.c-ctrip.com/target/0101t12000ardjcus6E59.jpg,527.799864,403.6193643,435,0,0.5-1天,"{'openStatus': '开园中', 'openStatusType': 0, 'canSubscribed': False, 'hasSubscribed': False, 'openTimeTips': '景区开放时间动态变化，实际请以出行当天景区官方小程序公示的营业时间为准', 'playSpendTime': '0.5-1天', 'openTimeDesc': '景区开放时间动态变化，实际请以出行当天景区官方小程序公示的营业时间为准', 'openDateRuleInfo': [{'dateDesc': '3月24日-3月27日', 'openWeekRuleInfo': [{'weekDesc': '10:00-20:00'}]}, {'dateDesc': '3月28日-3月31日', 'openWeekRuleInfo': [{'weekTime': '周二至周五', 'weekDesc': '10:00-19:00'}]}, {'dateDesc': '4月1日-4月2日', 'openWeekRuleInfo': [{'weekDesc': '10:00-20:00'}]}, {'dateDesc': '4月3日-4月4日', 'openWeekRuleInfo': [{'weekDesc': '10:00-19:00'}]}, {'dateDesc': '4月5日', 'openWeekRuleInfo': [{'weekDesc': '09:00-20:00'}]}, {'dateDesc': '4月6日-4月9日', 'openWeekRuleInfo': [{'weekDesc': '10:00-20:00'}]}]}",北京环球度假区是一个广受期待的主题公园旅游目的地，包括开园规模大的环球主题公园，北京环球城市大道，以及两家度假酒店。北京环球度假区糅合中国文化元素精心打造独特体验，拥有七大主题景区，37个骑乘娱乐设施及地标景点，24个表演演出，80个餐饮门店以及30个零售门店。,"{'儿童': [['3周岁（不含）以下（同行游客购票当日）', '免费'], ['3周岁（含）~11周岁（含）', '约75折']], '老人': [['65周岁（含）以上', '约75折']], '残障人士': [['提供有效残障人士证件', '约75折']]}"
故宫博物院,The Palace Museum,229,75595,39.917752,116.397048,文化古迹|5A|博物馆|探秘展馆,穿越明清两朝的皇家宫殿群,0,0,4.8,139871,https://youimg1.c-ctrip.com/target/0100j1200046x94ebB936.jpg,60,30,20,60,0.5-1天,"{'openStatus': '开园中', 'openStatusType': 0, 'canSubscribed': False, 'hasSubscribed': False, 'openTimeHolidayDesc': '清明节,劳动节,端午节,中秋节,国庆节 07:30-17:00(最晚入园16:10)，元旦节,春节 08:30-16:30(最晚入园15:40)', 'openTimeTips': '法定节假日周一不闭馆；停止入园时间含钟表馆、珍宝馆', 'playSpendTime': '0.5-1天', 'openTimeDesc': '清明节,劳动节,端午节,中秋节,国庆节 07:30-17:00（16:10停止入园），元旦节,春节 08:30-16:30（15:40停止入园）；法定节假日周一不闭馆；停止入园时间含钟表馆、珍宝馆', 'openDateRuleInfo': [{'dateDesc': '全年', 'openWeekRuleInfo': [{'weekTime': '周一', 'weekDesc': '不开放'}]}, {'dateDesc': '4月1日-10月31日', 'openWeekRuleInfo': [{'weekTime': '周二至周日', 'weekDesc': '08:30-17:00(最晚入园16:10)'}]}, {'dateDesc': '11月1日-次年3月31日', 'openWeekRuleInfo': [{'weekTime': '周二至周日', 'weekDesc': '08:30-16:30(最晚入园15:40)'}]}, {'dateDesc': '清明节,劳动节,端午节,中秋节,国庆节', 'holidayOpenDesc': '07:30-17:00(最晚入园16:10)'}, {'dateDesc': '元旦节,春节', 'holidayOpenDesc': '08:30-16:30(最晚入园15:40)'}]}",故宫又称紫禁城，是明、清两代的皇宫，也是古老中国的标志和象征。当你置身于气派规整的高墙深院，能真真切切地感受到它曾经的荣耀。悠久的历史给这里留下了大规模的珍贵建筑和无数文物，也成为今天游玩故宫的主要看点。游览古建筑群故宫是中国乃至世界上保存较为完整、规模较大的木质结构古建筑群。这些金碧辉煌的建筑群可以分为“外朝”与“内廷”两大部分。以乾清门为界，乾清门以南为外朝，是皇帝处理政务的地方，乾清门以北为内廷，住着后宫嫔妃，是皇帝家庭生活之所。走过金銮殿、乾清宫、坤宁宫，在皇帝的御花园里赏弄花花草草，感觉好像穿越到了古装剧里。欣赏大量的珍贵文物故宫内珍藏有大量珍贵文物，据统计有上百万件。以文物的种类不同，分为多个展馆。其中珍宝馆和钟表馆很是引人注目，钟表馆每天11点和14点有钟表演示，可以看到清王朝珍藏的各种造型奇特的珍奇机械钟表，一定令你眼界大开。游玩路线故宫占地面积宽广，共有大大小小的宫殿70多座，游览路线繁多。想要好好地逛一圈，需要安排一天的时间。如果只是走马观花，看一看主要宫殿，约两个小时就能逛完。两小时游推荐路线：如果只有两个小时左右的时间，建议沿着故宫中轴线参观。故宫精华的景区基本都在这条线上，走路时间也比较少。1. 午门-太和门-弘义阁（皇朝礼乐展）-太和殿-中和殿-保和殿-乾清门-乾清宫-交泰殿-坤宁宫-御花园-神武门2. 午门-太和门-太和殿-保和殿西庑（天府永藏展）-保和殿东庑（宫阙述往展）-中和殿-保和殿-乾清门-乾清宫-交泰殿-坤宁宫-御花园-神武门半日游推荐路线：如果觉得两个小时的游览不够尽兴，你还可以到东、西六宫的院落里逛逛，这里曾经住着紫禁城里备受恩宠的妃嫔们。或者到钟表馆和珍宝馆看看，欣赏珍贵文物。1. 午门-文华殿（陶瓷馆）-太和门-太和殿-中和殿-保和殿-奉先殿（钟表馆）-乾清宫-交泰殿-坤宁宫-养心殿-西六宫区-御花园-神武门2. 午门-武英殿（书画馆）-太和门-太和殿-中和殿-保和殿-乾清宫-交泰殿-坤宁宫-东六宫区-斋宫-宁寿宫区前朝（珍宝、石鼓二馆）-宁寿宫区后寝（珍宝、戏曲二馆和珍妃井）-神武门一日游推荐路线：一日游规划路线几乎包括故宫博物院所有开放区域的重要宫殿和展馆，但也需要在参观时注意利用时间，并选择好自己感兴趣的展览陈列内容。若处处盘桓流连，一天的时间恐怕也不足以尽览胜景。午门-武英殿（书画馆）-文华殿（陶瓷馆）-太和门-太和殿-中和殿-保和殿-乾清宫-交泰殿-坤宁宫-养心殿-西六宫区-御花园-东六宫区-奉先殿（钟表馆）-宁寿宫区（珍宝馆、戏曲馆）-神武门经典景点皇帝举行大典的场所――太和殿太和殿，俗称“金銮殿”，是明清两代皇帝举行大典的场所。每逢大典之日，从太和殿至天安门外，设有庞大的仪仗，太和殿前檐下设中和韶乐，太和门内设丹陛大乐，王公立于丹陛之上，一品至九品文武百官齐集于丹墀内陈设“品极山”的御道两旁。皇帝上朝的地方――养心殿养心殿是一座“工”字形的建筑，分前后两殿。自清雍正以后，皇帝寝宫移至后殿，前殿成为皇帝处理日常政务，接见臣工的地方。紫禁城里华美的石桥――金水桥在太和门前广场共有五座金水桥，单孔拱券式，造型秀美，同雄伟壮观的午门城楼和金碧辉煌的太和殿相映衬，引人入胜。皇帝大婚的洞房――坤宁宫坤宁宫是北京故宫内廷后三宫之一。在明代，坤宁宫是皇后的寝宫，但到了清代逐渐改作祭神的场所。举行“殿试”的场所――保和殿保和殿是中国传统宫殿建筑之精华，属于北京故宫中的一座殿宇式建筑。每年除夕，皇帝在此宴请少数民族王公大臣。自乾隆后期，这里便成为举行“殿试”的场所。举世无双的各类珍宝――珍宝馆珍宝馆位于宁寿宫区域，馆藏珍宝尤其丰富，涵盖佛教用品、饰品、日用器具和赏玩珍品等。其中，高约十四厘米的红珊瑚狮子、长约一百三十厘米的东珠朝珠及金“奉天之宝”玺等，都是难得一见的珍品。造型精美的各式钟表――钟表馆钟表馆位于宫中奉先殿，展出的钟表以英国产品居多，也有法国、瑞士等其它国家的钟表。这些钟表除计时功能外，上面装饰的人物、鸟兽、花卉等还会做出各种不同的动作，制作非常精巧。其中，铜镀金写字人钟、铜镀金嵌珐琅葫芦顶渔樵耕读钟、铜镀金转花跑人犀牛驮表等很是珍奇。,"{'未成年人': [['未满18岁（不含）的中国公民（含港澳台居民及获得永久居留权的外国人）（有监护人陪同），需提前至官网预约', '免费']], '老人': [['年龄：60周岁（含）以上', '优惠']], '学生': [['18周岁（含）以上学生，本科以下学历（含本科，不含成人教育和研究生），凭学生证或学校介绍信', '优惠']], '残疾人': [['凭残疾人证件', '免费']], '军人': [['“八一”建军节，现役军人凭有效证件', '免费']], '离休干部': [['凭离休证', '免费']], '低保人员': [['持有本市社会保障金领取证的人员，凭相关有效证件原件', '半价']], '女性': [['三八”妇女节，女性观众享受', '半价']], '14岁（含）以下陪同家长': [['“六一”儿童节当日，14周岁以下儿童（含14周岁）的陪同家长一人享受半价优惠', '半价']]}"
八达岭长城,Badaling Great Wall,230,75596,40.356499,116.017596,文化古迹|5A,不到长城非好汉,0,0,4.7,32943,https://youimg1.c-ctrip.com/target/100k0z000000n1uqq02C3.jpg,40,40,20,0,3-4小时,"{'openStatus': '开园中', 'openStatusType': 0, 'canSubscribed': False, 'hasSubscribed': False, 'openTimeHolidayDesc': '春节 06:30-16:00', 'playSpendTime': '3-4小时', 'openTimeDesc': '春节 06:30-16:00', 'openDateRuleInfo': [{'dateDesc': '4月1日-10月31日', 'openWeekRuleInfo': [{'weekDesc': '06:30-16:30'}]}, {'dateDesc': '11月1日-次年3月31日', 'openWeekRuleInfo': [{'weekDesc': '07:30-16:00'}]}, {'dateDesc': '春节', 'holidayOpenDesc': '06:30-16:00'}]}",八达岭长城号称天下九塞之一，风光集巍峨险峻、秀丽苍翠于一体，是明长城景色中的精华。“不到长城非好汉”，很多国人都以这里为登临长城的主要选择。八达岭长城关城为东窄西宽的梯形，有东西二门。东门额题“居庸外镇”，西门额题“北门锁钥”。关城向北延伸的长城是北长城，有敌楼12处。关城以南是南长城，有敌楼7处。南长城相比北长城的游客人数较少，如果时间充裕，可以先去走南长城，再走北长城。除了在关城可以登长城外，在南4楼、北4楼、北8楼和北11楼也有登城口，都能登上长城。其中北8楼是八达岭长城海拔最高的敌楼，又名“观日台”。这里距离关城有1500多米，是俯瞰长城的佳地。乘坐索道在南4楼和北8楼处，还建有索道。不想步行的游客，可以乘坐索道直接抵达敌楼，游玩结束再乘坐索道返回。可节省体力，轻松游玩。周边餐饮八达岭长城景区设有商业步行街，爬长城累了，下山后可以在此休息进餐。除了高端大气的八达岭饭店（涉外饭店），还有炸酱面、狗不理、饺子馆等老北京风味的餐馆和赛百味、永和豆浆等快餐，可按需选择。吃饱喝足，如果还有精力，不妨逛逛旁边的詹天佑纪念馆、中国长城博物馆。,"{'儿童': [['18岁(不含)以下凭有效证件', '免费']], '学生': [['18岁（含）-25岁（含）全日制大学生（不含成教等）凭本人有效学生证', '半价']], '老人': [['60周岁（含）以上凭有效证件', '免费']], '残疾人': [['凭残疾证（含军残）', '免费']], '军人': [['凭士官证或军官证', '免费']], '离休人员': [['凭离休证', '免费']], '社会保障金人员': [['凭社会保障金领取证', '优惠']], '消防救援人员': [['凭有效证件', '免费']]}"
颐和园,Summer Palace,231,75597,40.002482,116.273833,遛娃宝藏地|赏花胜地|园林花园|文化古迹|5A,走入清朝皇帝的皇家园林,0,0,4.7,39047,https://youimg1.c-ctrip.com/target/10061f000001gqux10383.jpg,30,30,15,30,3-6小时,"{'openStatus': '开园中', 'openStatusType': 0, 'canSubscribed': False, 'hasSubscribed': False, 'openTimeTips': '佛香阁、德和园、文昌院、苏州街、益寿堂、霁清轩、南湖岛内院落、耕织图水操学堂景点逢周一关闭（法定节假日除外），园内各景点每日具体开放时间以景区现场为准。', 'playSpendTime': '3-6小时', 'openTimeDesc': '佛香阁、德和园、文昌院、苏州街、益寿堂、霁清轩、南湖岛内院落、耕织图水操学堂景点逢周一关闭（法定节假日除外），园内各景点每日具体开放时间以景区现场为准。', 'openDateRuleInfo': [{'dateDesc': '4月1日-10月31日', 'openWeekRuleInfo': [{'weekDesc': '06:00-20:00(最晚入园19:00)'}]}, {'dateDesc': '11月1日-次年3月31日', 'openWeekRuleInfo': [{'weekDesc': '06:30-19:00(最晚入园18:00)'}]}]}",颐和园原是清朝帝王的行宫和花园，又称清漪园，以昆明湖、万寿山为基址，按照江南园林的设计手法建造，是我国现存规模非常大，保存非常完整的皇家园林，景色极具优雅，还有很多珍贵的文物，被誉为“皇家园林博物馆”。区域概览颐和园规模宏大，全园可分3个区域：以仁寿殿为中心的政治活动区；以玉澜堂、乐寿堂为主体的帝后生活区；以长廊沿线、后山、西区为主的苑园游览区。整个园区约四分之三为昆明湖所占据，湖畔有亭、台、楼、阁、廊、榭等建筑物百余座三千余间，其中佛香阁、长廊、石舫、苏州街、十七孔桥等皆为家喻户晓的代表性建筑，也是游览颐和园不可错过的地方。泛舟昆明湖游览颐和园，除了参观金碧辉煌的殿堂建筑，乘坐景区内的游船，泛舟昆明湖上，既轻松惬意，又不误观光赏景。园内有游船码头8个：八方亭、文昌阁、玉澜堂、排云殿、石丈亭、铜牛、石舫和南湖岛，5种不同类型的游船：脚踏船、手划船、电瓶船、龙船和大型画舫。游船价格路线各异，可各取所需。园内餐饮颐和园面积较大，完整的游览完至少要4-5个小时。逛得累了饿了，可以坐下来补充下能量。园内共有三个快餐亭，分别位于知春亭、排云殿东九间和石丈亭处，主要经营日常饭菜和面食，价格相对来说还算公道。如果想要应景儿，园内还有一处专营宫廷御膳的老字号饭庄：听鹂馆，在那里可以品尝到具有宫廷风味的食物，不过价格就比日常菜贵一些了。,"{'儿童': [['6周岁（含6周岁）以下或身高1.2米（含1.2米）以下的儿童', '免费（含园中园）']], '老人': [['持本人“北京通―养老助残卡”游客刷卡入园；60周岁及以上外省市游客凭本人身份证验证入园；60周岁及以上外籍游客凭本人护照换票入园；', '免费']], '残疾人': [['凭残疾人有效证件', '免费']], '离休人员': [['凭离休证', '免费']], '军人': [['现役军人、退休军人及武警官兵凭有效证件', '免费']], '省、部级以上劳模/英模': [['省、部级以上劳模、英模，凭有效证件', '免费']], '未成年人': [['对6周岁（不含6周岁）～18周岁（含18周岁）未成年人', '优惠']], '学生': [['全日制大学本科及以下学历学生，凭有效身份证或学生证', '优惠']], '港澳台人员': [['香港、澳门、台湾等入境游青少年凭《港澳居民来往内地通行证》、《台湾居民来往大陆通行证》或学生证件等有效身份证明，均可办理购票入园手续', '优惠']], '社会保障人员': [['持有社会保障金领取证的人员凭有效证件', '优惠']]}"
恭王府,Prince Gong's Mansion,5174,76613,39.937126,116.386206,名人故居|5A,旧时清朝大臣和|的府邸,0,0,4.7,15616,https://youimg1.c-ctrip.com/target/010261200087dxb2445A6.jpg,40,20,20,0,2-4小时,"{'openStatus': '开园中', 'openStatusType': 0, 'canSubscribed': False, 'hasSubscribed': False, 'openTimeHolidayDesc': '中秋节 08:30-17:00(最晚入园16:10)', 'playSpendTime': '2-4小时', 'openTimeDesc': '中秋节 08:30-17:00（16:10停止入园）', 'openDateRuleInfo': [{'dateDesc': '2月7日-12月31日', 'openWeekRuleInfo': [{'weekTime': '周二至周日', 'weekDesc': '08:30-17:00(最晚入园16:10)'}]}, {'dateDesc': '中秋节', 'holidayOpenDesc': '08:30-17:00(最晚入园16:10)'}]}",恭王府位于北京西城区前海西街，是清代规模庞大的一座王府，先后作为大贪官和|、庆亲王永U的宅邸，后因恭亲王奕D居住而得名。恭王府历经了清王朝由鼎盛至衰亡的历史进程，故有“一座恭王府，半部清代史”的说法。恭王府是我国保存非常完整的王府建筑群，拥有各式建筑群落30多处，布局讲究，气派非凡。整体分为府邸和花园两部分，府邸在前（南部），花园在后（北部）。府邸府邸占地约3万平米，由严格的轴线贯穿着的多个四合院组成，分为中、东、西三路建筑，每路各有三个院落。中路：中路最主要的建筑是银安殿和嘉乐堂，殿堂屋顶采用绿琉璃瓦，显示了中路的威严气派，同时也是亲王身份的体现。东路：东路的前院正房是多福轩，和|的儿子丰绅殷德，后来娶了乾隆皇帝的小女儿固伦和孝公主为妻，就居住于此，使这座豪宅一时成为了实际上的公主府。后进院落正房名为乐道堂，是当年恭亲王奕欣的起居处。西路：西路的院落较为小巧精致，主体建筑为葆光室和锡晋斋。建筑精品当属高大气派的锡晋斋，大厅内有雕饰精美的楠木隔段，是和|仿紫禁城宁寿宫式样而建。花园花园位于府邸以北，又名萃锦园，占地28000余平米，有古建筑31处。当年恭亲王为修建花园，调集能工巧匠上百名，建成后，其富丽堂皇曾为京师百座王府之冠，是北京现存王府园林艺术的精华。全园以福字贯穿，主题清晰。园中的西洋门、御书“福”字碑和室内大戏楼并称恭王府“三绝”。,"{'儿童': [['6周岁（含）以下或身高1.2米以下，凭身份证或户口本', '免费']], '离休干部': [['凭离休证', '免费']], '残疾人': [['凭残疾证', '免费']], '老人': [['60周岁（含）以上凭身份证', '半价']], '军人': [['现役军人凭军人身份证件', '半价']], '学生': [['年满7周岁－18周岁未成年人，学生（全日制大学本科及以下学历，不含研究生、硕士、博士和成人教育）凭身份证、学生证', '半价']]}"
天安门广场,Tiananmen Square,228,75594,39.903756,116.397693,地标观景,祖国的象征与心脏,0,0,4.8,11897,https://youimg1.c-ctrip.com/target/100p0n000000e06yl2B39.jpg,0,0,0,0,1-2小时,"{'openStatus': '开园中', 'openStatusType': 0, 'canSubscribed': False, 'hasSubscribed': False, 'playSpendTime': '1-2小时', 'openDateRuleInfo': [{'dateDesc': '全年', 'openWeekRuleInfo': [{'weekDesc': '5:00-22:00'}]}]}",天安门广场位于北京的中轴线上，是共和国的中心广场。天安门城楼、人民大会堂、国家博物馆、人民英雄纪念碑等众多国家象征都坐落于此，各种大型庆典也都在这里举办，每天清晨的升旗仪式更是吸引无数游客前来瞻仰。观看升降旗仪式天安门广场升（降）旗仪式分为节日升旗仪式和平日升旗仪式。每年元旦、春节、国际劳动节、国庆节和每月1日实施节日升旗仪式。升降旗时间升（降）旗仪式随每天日出时间而不同。具体升旗时间可以查看天安门管委会官网。天安门广场夜间执行清场制，升旗前大约半小时开放入口，降旗后开始清场，关闭入口（根据季节和实际客流情况，开放时间会进行临时调整）。游客可在升旗前半小时，到广场附近等侯。主要景点天安门广场位于天安门正南，广场中央矗立着人民英雄纪念碑和庄严肃穆的主席纪念堂，广场西侧是人民大会堂，东侧是中国国家博物馆，南侧是两座有着几百年历史的古城楼――正阳门和前门箭楼，这些雄伟的建筑与天安门一起，构成了现在的天安门广场。现在的天安门广场，是共和国举行重大庆典、盛大集会和外事迎宾的重地。从建国至今，天安门广场经历了多次大阅兵，见证了中华民族的崛起和振兴。,{}
中国国家博物馆,National Museum of China,62722,87207,39.905356,116.401386,博物馆|探秘展馆,穿越千年看中华珍宝,0,0,4.8,4440,https://youimg1.c-ctrip.com/target/0104s1200099jozmm77CB.jpg,0,0,0,0,3-4小时,"{'openStatus': '开园中', 'openStatusType': 0, 'canSubscribed': False, 'hasSubscribed': False, 'openTimeHolidayDesc': '中国法定节假日 09:00-17:00(最晚入园16:00)', 'playSpendTime': '3-4小时', 'openTimeDesc': '中国法定节假日 09:00-17:00（16:00停止入园）', 'openDateRuleInfo': [{'dateDesc': '全年', 'openWeekRuleInfo': [{'weekTime': '周二至周日', 'weekDesc': '09:00-17:00(最晚入园16:00)'}, {'weekTime': '周一', 'weekDesc': '不开放'}]}, {'dateDesc': '中国法定节假日', 'holidayOpenDesc': '09:00-17:00(最晚入园16:00)'}]}",中国国家博物馆是代表国家收藏、研究、展示、阐释能够充分反映中华优秀传统文化、革命文化和社会主义先进文化代表性物证的最高机构，是国家最高历史文化艺术殿堂和文化客厅。中国国家博物馆的前身可追溯至1912年成立的国立历史博物馆筹备处，2003年根据中央决定，中国历史博物馆和中国革命博物馆合并组建成为中国国家博物馆。2007年，中国国家博物馆启动改扩建工程，2011年3月新馆建成开放。新馆建筑保留了原有老建筑西、北、南建筑立面。新馆总用地面积7万平方米，建筑高度42.5米，地上5层，地下2层，展厅48个，建筑面积近20万平方米。中国国家博物馆现有藏品数量140万余件，涵盖古代文物、近现代文物、图书古籍善本、艺术品等多种门类。其中，古代文物藏品81.5万件（套），近现代文物藏品34万件（套），图书古籍善本24万余件（册），共有一级文物近6000件（套）。近年来特别是党的十九大以来，中国国家博物馆加大反映革命文化、当代先进文化代表性物证的征集力度，面向社会公开征集文物藏品，每年平均征集古代文物50件套左右，近现代文物、实物和艺术品1000余件套。中国国家博物馆展览包括基本陈列、专题展览、临时展览三大系列，构成涵盖主题展览、基本陈列、专题展览、临时展览的立体化展览体系。其中，“古代中国”、“复兴之路”和“复兴之路新时代部分”为国家博物馆的基本陈列，也是弘扬中华优秀传统文化、革命文化、社会主义先进文化，培育和践行社会主义核心价值观的重要阵地。专题展览主要以馆藏文物为基础，包括中国古代青铜器、佛造像、玉器、瓷器、现代经典美术作品、非洲木雕等十余个专题展览。临时展览包括自主策划展览和引进交流展览两大类，覆盖历史文化、精品文物、考古发现、经典美术作品、地域文化和国际交流等多个方面，年均办展40余个。2018年国家博物馆观众人数达861余万人，创造观众参观历史新高，是世界上受欢迎的博物馆之一。特别是“伟大的变革――庆祝改革开放40周年大型展览”期间，国家博物馆接待观众达423余万人次。这一集中展示中华大地40年人间奇迹与磅礴巨变的展览，不仅成为海内外媒体关注的焦点，更刷新了一项项布展、观展、反响纪录，树立了大型展览活动的新标杆。中国国家博物馆拥有丰富的研究资源、扎实的研究基础和雄厚的研究力量，是国内博物馆事业发展的行业头雁。2018年以来，按照“不求所藏、但求所展，开放合作、互利共赢”的原则，与国内外多家文博机构、院所高校等建立战略合作关系，联合开展学术研究，举办文物精品展览，召开研讨会，启动博士后科研工作站，牵头成立金砖国家博物馆联盟和丝绸之路博物馆联盟两个国际组织，努力在弘扬社会主义核心价值观、增强文化自信、促进中外文明交流互鉴、建设社会主义文化强国方面发挥更大作用，作出更大贡献。,{}
天坛,Temple of Heaven,233,75599,39.883693,116.41282,文化古迹|5A,明清时期皇帝祭天的地方,0,0,4.6,11711,https://youimg1.c-ctrip.com/target/10040h0000008s9n50143.jpg,88,55,70,0,,"{'openStatus': '开园中', 'openStatusType': 0, 'canSubscribed': False, 'hasSubscribed': False, 'openTimeTips': '联票售票时间：旺季8:00-16:00 淡季8:00-15:30', 'openTimeDesc': '联票售票时间：旺季8:00-16:00 淡季8:00-15:30', 'openDateRuleInfo': [{'dateDesc': '4月1日-10月31日', 'openWeekRuleInfo': [{'weekDesc': '06:00-22:00(停止售票20:00,最晚入园21:00)'}]}, {'dateDesc': '11月1日-次年3月31日', 'openWeekRuleInfo': [{'weekDesc': '06:30-22:00(停止售票20:00,最晚入园21:00)'}]}]}",天坛是明、清两朝皇帝祭天、求雨和祈祷丰年的专用祭坛，是全国著名的古建筑。坛域北呈圆形，南为方形，寓意“天圆地方”，整个天坛分为内坛、外坛两部分，祈年殿、回音壁等耳熟能详的建筑都位于内坛。区域速览内坛以宫墙分为南北两部分，北部为“祈谷坛”，是皇帝在春季举行祈谷大典的场所，祈祷风调雨顺、五谷丰登，主要建筑有祈年殿、皇乾殿、东西配殿、祈年门、神厨、宰牲亭、七十二长廊等。南部为“圜丘坛”，是一座露天的三层圆形石坛，为皇帝冬至日祭天的地方，主要建筑有圜丘坛、皇穹宇及配殿、神厨、三库及宰牲亭等。连接两坛的是一条长360米、宽28米、高2.5米的砖石台，称为“神道”，又称“海墁大道”，也叫“丹陛桥”，寓意着上天庭要经过的漫长道路。三音石的精巧设计游玩天坛，除了观赏各殿堂的精巧建筑、追寻古代帝王祭天的宏大场面外，回音壁、三音石等奇巧的设计也一样令人慨叹古人的智慧。在皇穹宇殿前到大门中间的石板路上，由北向南的三块石板叫做三音石。在皇穹宇门窗关闭而且附近没有障碍的情况下，站立于第一块石板上击掌，可听到回音一声；于第二块石板上击掌，可听到回音两声；于第三块石板上击掌，可听到回音三声。了解祭天文化单纯的参观，可能对古代帝王祭天仪式总是没有具体的概念。不要紧，设在祈年殿西配殿的祭天礼仪馆里详细介绍了中国祭天礼仪的演变过程，重点展示了清代祭天大典的礼仪情况，包括各种祭天礼器和祭天程序等，其中《清乾隆十三年大驾卤簿图》第一次展现了中国皇家仪仗的风貌，尤为精彩不可错过。而设在祈年殿东配殿的祭天乐舞馆则以编钟、编磬等清代中和韶乐的乐器实物，结合文字和图片，全面介绍了中和韶乐的历史沿革、乐舞制度、管理机构及祈谷大典时的演乐场面，使游人对祭天乐舞有直观和全面的了解。,"{'儿童': [['18周岁(不含)以下未成年人凭有效证件', '免费']], '老人': [['60周岁（含）以上老年人凭老年优待卡或相关证件', '免费']], '学生': [['全日制大学本科及以下学历学生凭有效证件', '优惠票']], '残疾人': [['持残疾人证', '免费']], '军人': [['军人或武警官兵（含退休、残疾军人）凭有效证件', '免费']], '伤残军人': [['持革命伤残军人证的伤残军人', '免费']], '低保人员': [['持有社会保障金领取证的人员', '优惠票']]}"
北京野生动物园,Beijing Wildlife Park,107469,10559348,39.496269,116.335563,4A|萌萌动物|动物园,近距离观赏野生动物,0,0,4.7,22706,https://youimg1.c-ctrip.com/target/10030c00000063u6rBDAE.jpg,145,145,85,0,4-6小时,"{'openStatus': '开园中', 'openStatusType': 0, 'canSubscribed': False, 'hasSubscribed': False, 'openTimeTips': '北京野生动物园运营时间(旺季)\n表演时间\n动物行为展示:11:0014:00(平日)\n节假日:11:00 13:30 15:00\n魔幻森林城堡:由于场地装修暂停演出\n具体恢复时间另行通知\n运营时间\n园区运营时间:08:30--17:30\n自驾区运营时间:09:00--15:30\n小火车运营时间:09:30-15:30\n节假日:09:30--16:00\n小火车运营时间:09:30--15:30\n节假日:09:30--16:00\n电瓶车运营时间:08:30--17:00\n游园小车运营时间:08:30-16:30\n注:猛兽体验区每周一区域维护下午13:00正常运行', 'playSpendTime': '4-6小时', 'openTimeDesc': '北京野生动物园运营时间(旺季)\n表演时间\n动物行为展示:11:0014:00(平日)\n节假日:11:00 13:30 15:00\n魔幻森林城堡:由于场地装修暂停演出\n具体恢复时间另行通知\n运营时间\n园区运营时间:08:30--17:30\n自驾区运营时间:09:00--15:30\n小火车运营时间:09:30-15:30\n节假日:09:30--16:00\n小火车运营时间:09:30--15:30\n节假日:09:30--16:00\n电瓶车运营时间:08:30--17:00\n游园小车运营时间:08:30-16:30\n注:猛兽体验区每周一区域维护下午13:00正常运行', 'openDateRuleInfo': [{'dateDesc': '3月25日-10月31日', 'openWeekRuleInfo': [{'weekDesc': '08:30-17:30'}]}]}",北京野生动物园一、北京野生动物园概况　北京野生动物园坐落于美丽的永定河畔，在3600余亩的土地上养育着200余种，5000余头只来自世界各地的珍稀野生动物，是集野生动物驯养繁殖、科学研究、科普教育和休闲旅游于一体的国家4A级景区。?二、展区介绍北京野生动物园距市区42公里，建有主题动物场、馆80余个。园区分为自驾游览区、步行游览区、猛兽体验区三大动物游览区。1、自驾游览区：2015年5月1日自驾游览区正式开放。占地面积1200余亩，10公里游线、七大动物展区，展出动物种类60余种，800余头只。自驾游览区共设置两种游览方式，自驾车游览和小火车游览。动物生活在原生态自然环境中，形成独特的“动物与自然景观” ，360度全程无障碍观赏。让您在全天的自驾游览中感受，从亚洲到非洲，从草原到高原的原始、真实自然的动物世界。尽情领略野生动物的野趣盎然。2、步行游览区 ?步行游览区环境优雅，含氧丰富。整体设计突出开放式理念，设动物场馆30余个，具有场馆设计新颖，观赏角度多样、视觉无障碍等特点。拉近人与动物的距离，增加人与动物的接触，体现人、动物、环境彼此之间的亲密和谐。步行游览区并设有动物趣味训练、鸟类行为训练和大型动物行为展示等。游客在观赏节目的同时，既能感受到互动乐趣又能感受到惊奇与刺激。3、猛兽体验区猛兽体验区设有八个展区，展出8种猛兽动物，共百余头只，每个展区都根据动物的野外生活环境为设计主题，动物生活在开阔的自然环境中，游客可以乘坐环保水陆两栖动物造型投食体验观光车进行观赏，可在亲自投喂动物的同时体验到食肉动物的凶猛刺激。此区域以险峻地形营造、还原动物野外栖息环境，乘坐观光车在穿山涉水近距离观赏猛兽的同时，可以充分体验人、野生动物、大自然相融合的动态视觉感受。4、奇趣乐园奇趣乐园是北京第一个以动物为主题的儿童乐园。游览区分为：漫慢世界、长长舌头、萌宝幼儿园、丛林医院、大大耳朵、水生动物展区、恐龙山等主题展区。每个展区都是以展出动物的突出特征命名，并且还原其真实的生活环境，大家可以身临其境的感受动物真实的生活环境。这里的动物没有科属、地域之分，多为观赏性强、互动性强的温和型动物，游客在这里可参与、可互动、可体验也可以娱乐。,"{'儿童': [['身高1米及以下儿童在购票监护人陪同下，免票入园，每位购票游客限带一名享受免票政策儿童。', '免费']], '老人': [['65岁以上老年人持有 《北京通-养老助残卡》在购成人票游客陪同下， 可免费入园，每张成人票游客只限带一名享受免费政策老年人，在购票入园时需出示本人有效证件与陪同游客一同购买。未携带证件不享受优惠。', '免费']], '学生': [['学生票适用于大学本科及以下的在校学生（不含研究生，不含成人教育），购票及入园时需出示本人有效学生证(含港澳台地区)。未携带证件不享受优惠。', '优惠']], '残疾人': [['持有残疾人证的人员；持有人身份证及有效残疾证在景区售票处换取有效门票。', '免费']]}"
古北水镇,Gubei Water Town,1411592,13378901,40.655198,117.2781,踏青必去|古镇古村|赏花胜地|体验慢生活,在长城脚下泡温泉爬长城,0,0,4.7,12712,https://youimg1.c-ctrip.com/target/0104r120008wxqnbrC251.jpg,140,80,80,80,1-2天,"{'openStatus': '开园中', 'openStatusType': 0, 'canSubscribed': False, 'hasSubscribed': False, 'openTimeTips': '游船开放时间：周日―周四：8:00―21:30 周五―周六8:00-22:00\n童玩馆开放时间：周一至周四、周日9:30-19:00；周五、周六9:30-21:00，购票时间截止是18点 \n童玩馆+古北水镇开放时间：周一至周四、周日9:30-16:00；周五、周六9:30-18:00，购票时间截止是16点，请合理安排您的行程\n古北水镇门票：(2022年11月-次年四月9:00-21:00 2023年5月-10月9:00-22:00)', 'playSpendTime': '1-2天', 'openTimeDesc': '游船开放时间：周日―周四：8:00―21:30 周五―周六8:00-22:00\n童玩馆开放时间：周一至周四、周日9:30-19:00；周五、周六9:30-21:00，购票时间截止是18点 \n童玩馆+古北水镇开放时间：周一至周四、周日9:30-16:00；周五、周六9:30-18:00，购票时间截止是16点，请合理安排您的行程\n古北水镇门票：(2022年11月-次年四月9:00-21:00 2023年5月-10月9:00-22:00)', 'openDateRuleInfo': [{'dateDesc': '全年', 'openWeekRuleInfo': [{'weekTime': '周一至周四,周日', 'weekDesc': '09:00-22:30(最晚入园21:00)'}, {'weekTime': '周五至周六', 'weekDesc': '09:00-23:00'}]}]}",古北水镇位于密云东北侧，是一处在古村基础上改造重建的古镇景区。古镇依水而建，即有北方古镇的大气威严，也不失江南水乡的特色，可以泡温泉、品尝美食、爬司马台长城等，是京郊地区休闲度假不错的选择。古镇内不通车，非常适合步行游玩。从古镇西侧进入有不少建筑是从山西等地移来的真正古民居建筑，门楣、雕花等都十分古老且精美，可以细细品味。另外，乘船漫游也是不错的选择，坐在船头，悠闲舒适地观赏古镇美景，格外惬意。古北水镇的夜景堪称一绝，小镇在星光照耀与灯光掩映中，宛如一个梦幻的世界。其中，水舞秀是夜游古北水镇不可或缺的重要一景。古镇里望京楼前的音乐喷泉每晚定时开启，喷泉的水柱随着音乐灯光摆动，不时还冒出耀眼的火光，与背后俊美的长城交相辉映，呈现一场视觉盛宴。不可错过的景点古镇里一进门处的司马小烧酒坊里可以参观古老的酿酒工艺，还可以现场买酒。酒坊边的永顺染坊使用古代的大缸浸染的方式染布，游客来此可以看到悬挂晾干的巨幅花布，很像古装剧里的场景，也是拍摄大片的好地方。古镇东边的日月岛上有一处老戏台，经常有河北梆子等北方经典剧种演出。另外，这里的镇远镖局是古老镖局的原貌复原，可以了解押镖文化。镖局门口还有一处露天温泉池，走累的游客不妨在此泡泡脚放松一下。逛逛特色小店古镇内了景点外，还很多特色的小店。工艺品店铺一般集中在古镇西侧，有风筝店、年画店、皮影戏馆、茶叶店等很多古色古香的店面，可以随意逛逛。在古镇东边则是咖啡厅、糖水店、茶馆、烧肉馆、烧饼铺等美食店，在这些店内可以品尝古镇特色的密云烧肉等特色美食。登司马台长城古镇西端是与司马台长城景区相连的，在游玩古镇之后不妨去爬爬长城，体会司马台长城的险峻秀美。冬天来泡温泉冬天游玩这座北方的小镇时，还可以体验一下这里的特色温泉。古北水镇号称是一座温泉小镇，有采自附近地下的天然地热温泉。镇里的几家客栈大多配有环境不错的温泉池，其中段家大院、御舍温泉等比较有名。,"{'儿童': [['身高1.2米(含)以下', '免费'], ['身高 1.2 米(不含)- 1.5 米(含)之间', '优惠票']], '离休干部': [['凭国务院、中央军委制发的离休干部荣誉证', '免费']], '残疾人': [['凭中国残联制发《残疾人证》', '免费']], '因战因公致残人员': [['凭退役军人事务部门制发的《残疾军人证》、《伤残人民警察证》、《残疾消防救援人员》、《伤残预备役人员民兵民工证》、《因公伤残人员证》', '免费']], '记者': [['凭新闻出版总署颁发的记者证', '免费']], '学生': [['中、小学生凭学生证', '优惠票']], '青少年': [['16周岁(不含)以下凭身份证', '优惠票']], '老人': [['60周岁(不含)以上凭身份证或优待卡', '优惠票']], '现役军人': [['凭有效证件', '优惠票']], '国家消防救援人员': [['持“国家综合性消防救援队伍消防员证”、“国家综合性消防救援队伍干部证”、“国家综合性消防救援队伍学员证”', '优惠票']]}"
圆明园,Old Summer Palace,5208,76625,40.007905,116.303579,遛娃宝藏地|赏花胜地|园林花园|文化古迹|5A,毁于战火的清代皇家园林,0,0,4.7,18563,https://youimg1.c-ctrip.com/target/100r1d000001ejwzz8DC0.jpg,10,10,5,10,3-6小时,"{'openStatus': '开园中', 'openStatusType': 0, 'canSubscribed': False, 'hasSubscribed': False, 'openTimeTips': '园中园最晚入园时间与大门票最晚入园时间相同（具体入园截止时间以产品信息披露为准）。', 'playSpendTime': '3-6小时', 'openTimeDesc': '园中园最晚入园时间与大门票最晚入园时间相同（具体入园截止时间以产品信息披露为准）。', 'openDateRuleInfo': [{'dateDesc': '3月16日-4月30日', 'openWeekRuleInfo': [{'weekDesc': '07:00-18:00'}]}, {'dateDesc': '5月1日-8月31日', 'openWeekRuleInfo': [{'weekDesc': '07:00-19:00'}]}, {'dateDesc': '9月1日-10月15日', 'openWeekRuleInfo': [{'weekDesc': '07:00-18:00'}]}, {'dateDesc': '10月16日-次年3月15日', 'openWeekRuleInfo': [{'weekDesc': '07:00-17:30'}]}]}",圆明园是清代著名的皇家园林，由圆明园、长春园和绮春园三块区域组成，历史上无比富丽优美，有“万园之园”的美誉。1860年英法联军将主要建筑烧为灰烬，如今游客前来只能在残骸中凭吊，寻找当年辉煌的帝国身影。圆明园圆明园的园林造景多以水为主题，以水景取胜，既有广阔平静的湖面，又有狭窄湍急的溪流。圆明园主要由两大区域构成：福海景区、后湖景区。福海是园中最大的水面，取“福如东海”之意，是当时皇家御园的水上游乐中心。海的中央有三个以桥梁连在一起的大小不同的方形岛。沿福海四周是众多的小水面回环萦绕，配以叠石堆山、聚土成岗，形成近百处层层叠叠、山复水转的自然空间，宛若天成。后湖景区在福海西部，环绕后湖构筑有九个小岛，是全国疆域“九州”之象征。各岛的园景各有特色，又彼此相借成景。绮春园绮春园也称“万春园”，由竹园、含晖园、西爽村、以及春和苑的北半部组成，曾是清嘉庆帝长年园居的主要处所之一，道光之后，主要是作为太后太妃们的园居之地。园内各处小景点众多，是一个小型水景园的大集合。而今，绮春园是圆明园每年一届的荷花节主场地。园内水面上种植有大片的荷花，盛夏时节，荷花怒放，整个绮春园一片姹紫嫣红。划着游船，在荷叶间穿行，也是一种不错的体验。长春园长春园以大型水景为主体。当年的核心建筑含经堂建筑群规模宏大，其布局参照紫禁城宁寿宫，是乾隆皇帝退位后常居的住所。园区东北角建有狮子林，是仿照苏州狮子林而建。园区西北部建了一系列欧式园林建筑，即俗称的“西洋楼”，大家耳熟能详的“大水法”，即位于此。此外还有谐奇趣、线法桥、海晏堂、远瀛观、观水法、线法山和线法墙等十余个建筑和庭园，只不过现在仅剩一片残垣断壁，只能在废墟中遥想当年的盛况。圆明园西洋楼景区内的黄花阵是一处仿建欧式的长方形迷宫。当年宫女和太监们在此间嬉戏，皇帝与一干妃嫔坐于高台之上观赏，因宫女手持黄花扎制的宫灯，故称黄花阵。游园至此，一定要走一下这个迷宫，感受当年君民同乐的氛围。观看展览和纪录片1860年英法联军的一场劫掠，使得一代名园毁于一旦，当年的壮观场景不复存在。如果凭空想象力不能及，可以在长春园的“圆明园盛时全景模型展”处，在讲解员的讲解中感受当年的盛况。地址：长春园西洋楼遗址区东南、含经堂东北侧。此外，位于西洋楼遗址区域内的圆明园展览馆每天8:30-17:00会循环播放大型纪录片《圆明园》，有助于人们更直观地感受一代名园当年的盛况。?,"{'未成年人': [['18岁（不含）以下', '免费']], '老人': [['60周岁（含60周岁）以上凭老年证或身份证', '免费']], '残疾人': [['持残疾证件', '免费']], '伤残军人': [['凭有效证件', '免费']], '革命老干部': [['持革命老干部离休荣誉证的人员', '免费']], '军人': [['现役军人、武警官兵、烈士家属凭有效证件', '免费']], '见义勇为人员': [['凭相关部门颁发的证件', '免费']], '省、部级以上劳模': [['凭相关部门颁发的证件免 ', '免费']], '学生': [['全日制大学本科及以下学历学生（不含研究生、短期培训学员、成人继续教育学生）凭有效证件', '半价']], '低保人员': [['持本市社会最/低生活保障卡的人员凭有效证件', '半价']]}"
慕田峪长城,Mutianyu Great Wall,243,75609,40.43086,116.564036,文化古迹|5A,看万里长城山河壮丽|万里长城上看醉人秋色,0,0,4.9,15085,https://youimg1.c-ctrip.com/target/1A0s16000000zdudt0434.jpg,45,25,25,45,3-5小时,"{'openStatus': '开园中', 'openStatusType': 0, 'canSubscribed': False, 'hasSubscribed': False, 'playSpendTime': '3-5小时', 'openDateRuleInfo': [{'dateDesc': '3月16日-11月13日', 'openWeekRuleInfo': [{'weekTime': '周一至周五', 'weekDesc': '08:30-17:00(停止售票16:00)'}, {'weekTime': '周六至周日', 'weekDesc': '07:30-18:30(停止售票17:30)'}]}, {'dateDesc': '11月14日-次年3月15日', 'openWeekRuleInfo': [{'weekDesc': '09:00-16:30(停止售票15:30)'}]}]}",慕田峪长城位于北京市怀柔区境内，西接居庸关长城，东连古北口，自古以来就是守卫北京的军事要冲，被称为“危岭雄关”。慕田峪长城建筑构造风格独特，敌楼密集，尤三座敌楼并矗一台的正关台，更是长城中罕见。22座敌楼密集慕田峪长城多建在外侧陡峭的崖边，依山就势，以险制厄。长城墙体高七八米，墙顶宽四五米，建筑材料以花岗石为主，雄伟坚固。慕田峪长城敌楼密集，目前开放的2250米长城段中，有22座敌楼。其中从一台（大角楼）到四台（正关台）不到500米的距离上，就有敌楼4座，这种密集的敌楼分布模式，是其他长城所不具备的。登长城路线参考大多数游人沿着登城步道徒步登上长城。景区共有两条步道，分别从南北两个检票口处开始，北检票口可步行至从第10台、第8台登上长城；南检票口可步行至从第8台和第6台登上长城。两条步道距离相似，约1500米左右。如果不想在步道上消耗过多体力，可以选择乘坐北检票口旁的索道，索道上站位于第14台附近。慕田峪长城目前开放的城段约2250米，东南端是慕田峪第一台大角楼，往西北走，可以到达4号台（正关台），看看三座敌楼并矗一台的稀奇构造。继续向前，城墙相对平缓好走，可一直走到西北端的第22台，之后可从14台乘坐索道下山。如果有兴趣，原路返回到第6台附近，这里还设置有一条号称“旱地雪橇”的滑道，沿着山坡，你可以一直滑到南检票口旁，就这么轻松地下山了。,"{'未成年人': [['18周岁（不含）以下的中国籍（含港、澳、台地区）未成年人（需要有责任能力的成年人陪护入园）', '免费'], ['6周岁（不含）-18周岁（含）外籍未成年人', '优惠']], '老人': [['北京市持北京通-养老助残卡、民政优待卡及有效证件的游客可免费进入景区（年龄较大或行动不便的游客需有责任能力的成年人陪护入园，陪护人员需购票）', '免费'], ['外埠年龄60周岁（含）以上老年人', '半价']], '学生': [['18周岁（含）以上大学本科以下学历的在校学生（不含成人院校）', '半价']], '残疾人': [['第二代残疾证免票（需家人购票陪同入园）', '免费']], '军人': [['凭人民解放军和武警部队军官证、文职干部证或士兵证', '优惠']], '消防员': [['持本人消防员证，消防干部证的人员（凭消防员证，消防干部证）', '优惠']], '社会保障金人员': [['持社会保障金领取证', '优惠']]}"
中国科学技术馆,China Science and Technology Museum,107625,90785,40.006017,116.398592,科技馆|探秘展馆,小朋友的科学乐园,0,0,4.7,4616,https://youimg1.c-ctrip.com/target/100s0u000000j0c24DFE2.jpg,128,128,118,0,3-4小时,"{'openStatus': '开园中', 'openStatusType': 0, 'canSubscribed': False, 'hasSubscribed': False, 'openTimeHolidayDesc': '中国法定节假日 09:30-17:00(最晚入园16:30)', 'openTimeTips': '星期一（国家法定节假日除外）闭馆、除夕、初一、初二不开放', 'playSpendTime': '3-4小时', 'openTimeDesc': '中国法定节假日 09:30-17:00（16:30停止入园）；星期一（国家法定节假日除外）闭馆、除夕、初一、初二不开放', 'openDateRuleInfo': [{'dateDesc': '全年', 'openWeekRuleInfo': [{'weekTime': '周二至周日', 'weekDesc': '09:30-17:00(最晚入园16:30)'}, {'weekTime': '周一', 'weekDesc': '不开放'}]}, {'dateDesc': '中国法定节假日', 'holidayOpenDesc': '09:30-17:00(最晚入园16:30)'}]}",中国科技馆以科学教育为主要功能，通过科学性、知识性、互动性相结合的展览展品和参与体验式的教育活动，反映科学原理及技术应用，鼓励公众探索实践，不仅普及科学知识，而且注重传播科学思想、科学方法和科学精神。在开展基于展览的教育活动同时，还组织各种科学实践和培训实验，让观众通过亲身参与，加深对科学与技术的理解和感悟，激发对科学的兴趣和好奇心，在潜移默化中提高科学素质。,"{'儿童': [['8周岁（含）或身高1.3米（含）以下有成人陪同的儿童(限1名，超过1名需购票)', '免费']], '老人': [['60周岁（含）以上老人', '免费']], '军人': [['现役军人（含武警、消防救援人员）', '免费']], '残疾人': [['凭残疾证', '免费']], '学生': [['18周岁（含）以下未成年人和全日制大学本科及以下学历学生（不含成人教育及研究生）凭学生证', '优惠']]}"
南锣鼓巷,Nanluoguxiang,64955,87891,39.937283,116.40312,街区/小镇,老北京胡同与小资的混搭,0,0,4.5,3256,https://youimg1.c-ctrip.com/target/100g1f000001gqxbtA231.jpg,0,0,0,0,2-4小时,"{'openStatus': '开园中', 'openStatusType': 0, 'canSubscribed': False, 'hasSubscribed': False, 'playSpendTime': '2-4小时', 'openDateRuleInfo': [{'dateDesc': '全年', 'openWeekRuleInfo': [{'weekDesc': '10:00-21:00'}]}]}",南锣鼓巷地处北京的市中心，是一条集小资情调和老北京韵味为一体的胡同，也是北京的时尚地标之一。这里汇集了很多文艺的特色小店，还有种类众多的小吃，年轻人尤其是文艺青年，往往会把这里当做游玩北京的必选去处。美食推荐南锣鼓巷的美食比较出名有文宇奶酪店（南锣鼓巷49号），原味奶酪、双皮奶和酸梅汤是它的特色，永远排长队。过客（南锣鼓巷108号）和咂摸（南锣鼓巷106号）都有创意十足的风味披萨，过客的羊肉串披萨，咂摸的宫保鸡丁披萨、北京烤鸭披萨都很棒。这儿没玉米汁儿（南锣鼓巷145号）卖的偏偏就是浓浓的玉米汁。特色商店吃完自然要逛逛特色小店消化消化。创可贴8（南锣鼓巷61号）是必逛的，老板是电视节目《职来职往》里幽默风趣的英国人江森海，店中出售印着搪瓷红脸盆、老铁皮玩具等代表老北京市井文化图案的T恤。有些店光看名字就觉得新奇有趣，比如卖衣服的叫肚脐眼（南锣鼓巷53号），把店名拍下来分享给朋友看看颇具趣味。老胡同里的古建筑拐入主街两旁的胡同里，游人少了许多，一座座旧宅诉说着着老北京的历史。这里有清代的僧格林沁王府；末代皇后婉容故居；仿江南园林建筑风格的可园，可惜的是大多数建筑不能进去参观，只能在外面看看。目前对外开放的有齐白石旧居纪念馆（雨儿胡同）、茅盾故居（后圆恩寺胡同13号）等。另外，中央戏剧学院（东棉花胡同39号）也坐落在南锣鼓巷。,{}
北京动物园,Beijing Zoo,5173,76612,39.942072,116.33573,萌萌动物|4A|动物园,观赏众多的珍稀动物,0,0,4.5,4741,https://youimg1.c-ctrip.com/target/1A0a180000015a3d9EE3E.jpg,15,15,7.5,0,2-4小时,"{'openStatus': '今日已闭园', 'openStatusType': 1, 'canSubscribed': False, 'hasSubscribed': False, 'playSpendTime': '2-4小时', 'openDateRuleInfo': [{'dateDesc': '4月1日-10月31日', 'openWeekRuleInfo': [{'weekDesc': '07:30-19:00(最晚入园18:00)'}]}, {'dateDesc': '11月1日-次年3月31日', 'openWeekRuleInfo': [{'weekDesc': '07:30-18:00(最晚入园17:00)'}]}]}",北京动物园位于北京市西城区西直门外大街，是中国规模较大、动物种类较全的城市动物园之一，从光绪三十二年至今已逾百年历史。动物园分为东、南、北三个区。在此安家落户的有中国特产的珍贵动物大熊猫、金丝猴、东北虎、白唇鹿、麋鹿、矮种马、丹顶鹤，还有来自世界各地有代表性的动物如非洲的黑猩猩、澳洲的袋鼠、美洲豹、墨西哥海牛、欧洲野牛等动物。另外还有一个两栖爬虫馆，该馆分上、下两层楼，展出世界各地的爬行动物100多种，其中有一种世界上较大的鳄鱼――湾鳄。目前北京动物园牡丹园占地面积1500平方米，位于现水禽岛东侧、豳风堂以西，此牡丹园以牡丹亭、环廊为主体建筑，每年4月下旬-5月初盛开的牡丹与环廊相映成趣。盛夏时节，亭边湖水中粉红色的荷花与墨绿色的荷叶相互映照，成为园中别具一格的景区。牡丹园内现种植牡丹近400株，经初步鉴定汇集国内外牡丹品种包括10个色系54个品种，主要为中原牡丹和江南牡丹两大品种群。在动物园内还设有科普馆，专门为学龄前小朋友们开展周末动物课堂。小朋友们可以在教师的带领下和小动物近距离接触，听听在它们身上发生的小故事，更和小伙伴通过做游戏、做手工等各种丰富的活动，了解动物的神奇之处。,"{'儿童': [['6周岁(含)以下或身高1.2米(含)以下', '免费']], '未成年人': [['6周岁(不含)-18周岁(含)，购票入园时需出示居民身份证或学生证等有效证件', '半价']], '学生': [['全日制大学本科及以下学历学生，凭居民身份证或学生证等有效证件；香港、澳门、台湾等入境游青少年凭《港澳居民来往内地通行证》、《台湾居民来往大陆通行证》或学生证件等有效身份证明，办理购票入园', '半价']], '老人': [['60周岁(含)以上外省市游客凭本人身份证刷卡入园，港、澳、台及外籍游客凭本人身份证、护照等有效证件换票入园。', '免费']], '离休人员': [['凭离休证', '免费']], '军人': [['现役、离休、退休军人，凭本人有效证件', '免费']], '残疾人': [['凭本人有效证件', '免费']], '社保金领取人': [['持有社会保障金领取证的人员', '半价']], '持本人“北京通-养老助残卡”游客': [['持本人“北京通-养老助残卡”游客刷卡入园。', '免费']]}"
北京欢乐谷,Happy Valley Beijing,57491,86171,39.867774,116.49482,4A|游乐场|嗨玩乐园,玩耍众多刺激的游乐项目,0,0,4.7,14996,https://youimg1.c-ctrip.com/target/10091f000001gsov1E90E.jpg,299,195,189,195,0.5-1天,"{'openStatus': '开园中', 'openStatusType': 0, 'canSubscribed': False, 'hasSubscribed': False, 'playSpendTime': '0.5-1天', 'openDateRuleInfo': [{'dateDesc': '4月3日-6月24日', 'openWeekRuleInfo': [{'weekDesc': '09:00-22:00'}]}]}",北京欢乐谷是华侨城集团倾心打造的新一代文化主题公园，占地面积56万平方米，于2006年7月建成开放，是目前国内国际化、现代化的主题公园，以文化景观、艺术表演和游乐体验为核心，集海、陆、空三栖游乐于一体，白天让人心旷神怡，夜晚让人流连忘返，是家庭的首选地，是孩子们的开心课堂，是年轻人的娱乐先锋地。北京欢乐谷由"峡湾森林、爱琴港、失落玛雅、香格里拉、甜品王国、远古文明?亚特兰蒂斯、欢乐时光"等七大文化主题区组成，园区内精选世界经典文明和创意智慧，精心设置了50余项主题景观、10余项主题表演、30多项主题游乐设施、20余项主题游戏及商业辅助设施，营造了一个神秘、梦幻的世界。北京欢乐谷拥有由200多中外演员组成的专业表演团队，常年为游客提供每天近80场的表演。北京欢乐谷拥有国际领先科技的游乐项目40余项，在这里，你可以乘上"水晶神翼"，体验翱翔的快乐；可以踏上超高落差的"奥德赛之旅"，释放青春激情；可以登上超高的"聚能飞船"，眺望绚丽美景；还可以乘坐发射式过山车"极速飞车"，感受F1赛车的动感刺激。,"{'儿童': [['身高1.2米（含）以下（每名购票成人限带一名身高低于1.2米的儿童）', '免费'], ['身高1.2米（不含）-1.5米（含）', '优惠票']], '老人': [['70周岁（含）以上凭身份证原件', '免费'], ['60周岁（含）-69周岁（含）凭本人有效身份证', '优惠票']], '残疾人': [['持国家颁发的第二代、第三代《残疾证》（盲人、生活不能自理的残疾人需家人（需购票）陪同入园）', '免费']], '青少年': [['身高超过1.5米，且年龄小于18周岁（不含18周岁，以身份证日期为准）', '优惠票']]}"
什刹海,Shichahai,140172,100947,39.941836,116.385311,街区/小镇|游山玩水,历史街区与时尚夜生活,0,0,4.7,2022,https://youimg1.c-ctrip.com/target/010691200082f4a1h9957.jpg,97,67,67,97,2-4小时,"{'openStatus': '开园中', 'openStatusType': 0, 'canSubscribed': False, 'hasSubscribed': False, 'playSpendTime': '2-4小时', 'openDateRuleInfo': [{'dateDesc': '全年', 'openWeekRuleInfo': [{'weekDesc': '全天开放'}]}]}",什刹海指前海、后海和西海三个湖泊及临近地区，这里拥有大片优美的湖面，也是北京著名的一片历史街区，众多名人故居、王府等古迹散落其中，还有贴近老百姓生活的各类美食，后海酒吧街更是京城夜生活的老牌胜地。夏天来坐游船初到什刹海，第一眼一定被大片潋艳的湖光所吸引。夏天湖边非常清凉，荷花盛开，可以坐船欣赏湖景。沿湖码头不少，有前海的好梦江南码头、荷花市场码头，后海的野鸭岛码头、柳荫争渡等码头，都有游船可以坐。脚踏船、手划船可自个儿玩个尽兴，根据不同船型，船费在每小时40-60元间不等；若是观光摇橹船会带你环湖游览，大约需1个小时左右，船夫还会讲解一下什刹海的景点，和人拼船参考价50元。冬天在湖上滑冰到了冬天湖面结了冰，游船便不开了，但可以来欣赏冬景。当冰层达到一定厚度，湖上就会开辟出什刹海滑冰场，入场参考价20元/人，另外还提供冰鞋、冰上自行车等的租借，都不贵，不过需要100-200元的押金。参观古建筑什刹海周边的古建筑使景区依然保留着老北京特色。有汇通祠、德胜门箭楼、醇亲王府、广化寺、银锭桥、钟鼓楼等景点。其中颇为有名的当属位于前海西街上和|的宅邸――恭王府。除了一睹清朝贪官和|的豪宅外，府中还藏着的1万多个“福”字，康熙御笔福字碑更是让游客不惜排长队也要一睹真容。若有兴趣，还可以拐到烟袋斜街寻访标志着中国近代邮政诞生的大清邮局，在邮局敲几个花纹精美的邮戳做纪念，当然盖邮戳要先购买邮局的明信片。尝尝老北京小吃喜欢随意吃些小吃，可以买一串冰糖葫芦，靠着什刹海的汉白玉栏杆，边吃边看看湖上来往的游船。若要专门寻访北京小吃，可以去九门小吃，在老式四合院中，酱牛肉、褡裢火烧、涮羊肉、豆腐脑，应有尽有；或者去梅兰芳纪念馆西边的护国寺小吃街，管式翅吧、宫廷奶酪、鞋底火烧，品尝来自胡同的美味；另外，在荷花市场里有家全聚德烤鸭店。酒吧夜生活每当夜幕降临，热闹的时候便来临了。围绕什刹海的众多酒吧传来阵阵歌声，什刹海的一些酒吧歌手真的唱得不错，酒吧背后有“北漂”一族的故事。摇滚歌手窦唯在什刹海驻唱过3年，据说现在什刹海的餐馆庆云楼就是他开的。其他比较出名的酒吧有胡同写意、甲丁坊等。去酒吧坐坐，看歌手表演，从歌声中仿佛能听到“北漂”们对音乐的热忱。周边景点什刹海东边靠着南锣鼓巷，南边临着北海公园，与再南边一点的景山公园、故宫、天安门广场离得也不远。一般白天玩故宫或者天安门，晚上到什刹海的酒吧坐坐；若不去故宫、天安门，喜欢湖景，可以北海公园和什刹海一起游玩；若只喜欢逛街吃小吃，可以逛完什刹海去旁边的南锣鼓巷接着逛。,{}
北京海洋馆,Beijing Aquarium,52674,84619,39.944643,116.340958,萌萌动物|海洋馆|4A,观赏上千种水族动物,0,0,4.5,4846,https://youimg1.c-ctrip.com/target/100f1f000001gq9cx0533.jpg,80,80,80,80,3-5小时,"{'openStatus': '今日已闭园', 'openStatusType': 1, 'canSubscribed': False, 'hasSubscribed': False, 'playSpendTime': '3-5小时', 'openDateRuleInfo': [{'dateDesc': '4月1日-10月31日', 'openWeekRuleInfo': [{'weekDesc': '09:00-17:30(停止售票16:30,最晚入园17:00)'}]}, {'dateDesc': '11月1日-次年3月31日', 'openWeekRuleInfo': [{'weekDesc': '10:00-17:00(停止售票16:00,最晚入园16:30)'}]}]}",北京海洋馆位于北京动物园内，馆内可以观赏到形态各异的各种海洋动物，还能看到海豚、海狮等精彩的动物表演，是带小朋友们学习海洋知识的好去处。海洋馆是一座巨大的海螺型建筑，共有两层，分为雨林奇观、 鲨鱼小镇、海底环游、白令海峡、 国宝中华鲟馆、 鲸豚湾、海洋剧院七大区域。进入海洋馆后沿着指示路线按顺序一一游览即可，游玩整馆大约需要3小时。雨林奇观：感受浓郁的热带风情海洋馆的入口在其南侧，从南侧进入后即为雨林奇观区域，雨林奇观区域是一个人工建设的亚马逊丛林的缩影。行走在其中的蜿蜒小路之间，两边有树木、假山、瀑布等，可以感受到浓郁的热带风光，里面展示了长相奇特的七彩神仙鱼、非洲王子、红龙等各种热带鱼种，可以一一观赏。鲨鱼小镇： 带来极具冲击力的震撼感受鲨鱼小镇紧邻雨林奇观和白令海峡展区，由鲨鱼馆和渔港小镇两部分组成，巨型池体部分高6.4米，长33米；水深5.1米，池底面积263平米，蓄水总量达1400吨。其设计综合考虑了鲨鱼种类、数量及体长，鲨鱼所需的饵料结构、水质要求、游动习性、生活习性及日后游客参与互动性等相关因素。在鲨鱼馆对面，还修建了颇具现代感的渔港小镇，为游客展现了极具特色的“渔人码头”风貌。白令小镇：近距离观赏可爱的大白鲸风情海滩的旁边是白令小镇区域，这里面积较小，是两只极地白鲸的乐园，可以透过全景大玻璃窗看到水中可爱的白鲸，还可以看到饲养员喂养白鲸并与白鲸共舞的浪漫画面。国宝中华鲟馆：亲眼看到喂养中华鲟的场面走过白令小镇，前方是国宝中华鲟馆，中华鲟馆里有趣味的科普展板帮助游客了解关于中华鲟的故事和生活习性等知识。这里饲养了多只国宝中华鲟，可以靠近观赏这种稀有鱼类，还能看到喂养中华鲟的场面。海底环游：行走在浪漫的海底世界从中华鲟馆出来，海底环游的入口就在这里，沿着环游路线在水下行走，会经过南中国海、西太平洋、印度洋、红海、地中海、大西洋等多个分隔的区域，每个区域内的物种也都不相同，各具特点，多种多样的鱼类在头顶游动，可以尽情的观赏，场景也十分的灵动浪漫。鲸豚湾：和海狮和海豚打招呼之后便是游览鲸豚湾，这里的主要鱼类是海狮和海豚，可以看到动物们训练和嬉水玩耍的场面，让人感觉可爱又美好，这里的动物训练之后便会到海洋剧院进行表演。海洋剧院：各种有趣的动物表演海洋剧院是环游路线的最后一站，每天都有精彩的表演，海豚、海狮等动物聪明有机灵的表演会让游客开怀大笑，而柔和的灯光和动物舞动的场面也十分浪漫。表演每天有多场，具体时间请见官网。园内用餐和购物如果想要在海洋馆内用餐，在中华鲟馆的旁边有一家好味岛快餐店。另外，白令小镇和海洋剧院的门口均有购物店，同时也销售海洋馆的纪念品。不过内部用餐购物价格较高，建议游玩之后出馆用餐。,"{'儿童': [['1.2米(含)以上且18周岁(不含)以下持本人有效证件', '半价'], ['1.2米(不含)以下（需要有成人按规定购票陪同入馆）', '免费']], '老人': [['60周岁(含)以上凭身份证', '半价']], '军人': [['现役军人凭军官证', '半价']], '学生': [['全日制大中小学生凭学生证(不含成人教育、研究生)', '半价']]}"
北海公园,Beihai Park,232,75598,39.927886,116.388624,赏花胜地|城市公园|4A,白塔湖水相依的皇家园林,0,0,4.7,4292,https://youimg1.c-ctrip.com/target/100m0z000000nndr64E9A.jpg,0,0,0,0,2-4小时,"{'openStatus': '开园中', 'openStatusType': 0, 'canSubscribed': False, 'hasSubscribed': False, 'playSpendTime': '2-4小时', 'openDateRuleInfo': [{'dateDesc': '4月1日-10月31日', 'openWeekRuleInfo': [{'weekDesc': '06:00-21:00(最晚入园20:30)'}]}, {'dateDesc': '11月1日-次年3月31日', 'openWeekRuleInfo': [{'weekDesc': '06:30-20:00(最晚入园19:30)'}]}]}",“让我们荡起双桨，小船儿推开波浪…”，耳熟能详的歌中描述的正是这里。北海位于故宫西北侧，与“中海”“南海”合称三海。公园曾是皇家园林，园内亭台错落掩映，湖畔林木郁郁葱葱，风光极美。北海养荷育荷的历史悠久，传承发展至今，北海公园目前共有荷花品种100余个，年养护荷花及各类水生植物1200余盆。从6月-8月，早、中、晚荷你追我赶，竞相开放。游玩亮点这里又是皇城根儿下具有老北京韵味的公园，早上会有老人家在这里健身、遛鸟；下午傍晚则较适合划船游园。来北海公园，你可以观赏当年皇朝留下的精美建筑；也可以湖畔坐下，与身边的老人聊聊，听他们讲述北京城皇家的野史，说一说那些尘封已久的往事；更可以融入踢毽子、抖空竹的人群中，跟他们讨教一二，也许，这也是一种融入老北京生活的方式吧。区域概览北海公园以北海为中心，全园分为“北岸景区”“东岸景区”“琼岛景区”和“团城景区”四大区域。北岸区位于公园西北角，主要由快雪堂、五龙亭和小西天、静心斋、阐福寺和西天梵境等一系列宗教建筑构成，其中大家耳熟能详的“九龙壁”也位于此区域内。东岸区位于公园东北角，主要由先蚕坛、画舫斋、濠濮间组成。琼岛景区位于北海南部，以永安寺为中心，周围建有长廊、漪澜堂、悦心殿、阅古楼等建筑。已成为北海标志性建筑的白塔，则位于琼岛的中心高点，颇有主宰全园的气势。团城位于北海公园南端，主体建筑为承光殿，店内供奉有1.5米高的大玉佛，通体镶嵌宝石，光彩夺目，游览时必不可错过。主要景点白塔，位于琼华岛高处，是一座藏传佛教塔。塔高36米，上圆下方，为须弥山座式，塔顶设有宝盖、宝顶，并装饰有日、月及火焰花纹，以表示"佛法"象日、月那样光芒四射，永照大地。白塔矗立于琼岛上，绿荫拥簇，巍峨壮美，堪称北海公园的标志。九龙壁，中国有三块九龙壁，其中较有特色的一座既是北海公园的这座。九龙壁通体用彩色琉璃砖砌成，长近26米，高6.65米，为五脊四坡顶，壁的两面各饰有九条蟠龙，加壁顶和两侧五面共有龙32条。蟠龙戏珠于波涛云雾之中，造型生动，色彩艳丽，工艺高超，为我国琉璃建筑中的精品。人们从各地慕名而来，只为一见真容！,"{'儿童': [['6周岁（含）以下或身高1.2米（含）以下', '免费'], ['“六一”国际儿童节当天，对14周岁（含）以下，学龄前儿童陪同家长可享受1人免票优惠', '免费']], '未成年': [['6周岁（不含）-18周岁（含）', '半价']], '学生': [['全日制大学本科及以下学历学生（不含成人教育），凭学生证', '半价']], '老人': [['持本人“北京通-养老助残卡”刷卡入园；60周岁（含）以上外省市、外籍游客凭本人身份证、护照等有效证件换票入园', '免费']], '军人': [['现役军人、残疾军人、军队离休、退休干部及武警官兵、消防救援人员凭本人有效证件', '免费']], '离休人员': [['凭离休证', '免费']], '残疾人': [['凭残疾证', '免费']], '社保金领取人': [['持有社会保障金领取证的人员', '半价']]}"
国家大剧院,National Center for the Performing Arts,54179,10559038,39.90492,116.389833,地标观景|剧院剧场,参观美丽的水滴建筑,0,0,4.7,1643,https://youimg1.c-ctrip.com/target/100i13000000uzfjt5D15.jpg,27,14,14,0,1-2小时,"{'openStatus': '今日已闭园', 'openStatusType': 1, 'canSubscribed': False, 'hasSubscribed': False, 'openTimeHolidayDesc': '中国法定节假日 09:00-17:00(最晚入园16:30)', 'playSpendTime': '1-2小时', 'openTimeDesc': '中国法定节假日 09:00-17:00（16:30停止入园）', 'openDateRuleInfo': [{'dateDesc': '全年', 'openWeekRuleInfo': [{'weekTime': '周二至周日', 'weekDesc': '09:00-17:00(最晚入园16:30)'}, {'weekTime': '周一', 'weekDesc': '不开放'}]}, {'dateDesc': '中国法定节假日', 'holidayOpenDesc': '09:00-17:00(最晚入园16:30)'}]}",中国国家大剧院位于天安门广场西侧，是亚洲最大的剧院。建筑呈水滴状，造型新颖，夜晚亮灯时格外漂亮。游客来此可以参观建筑和独特的乐器等，每年4-7月歌剧节观摩期间，还能在公共区间欣赏美妙歌剧。国家大剧院内部共五层，分别设置有歌剧院、音乐厅、戏剧场和小剧场。游人可从北门入口进入后，经东西两侧展厅，乘坐直达电梯抵达各演出厅。歌剧院歌剧院是国家大剧院内最宏伟的建筑，以华丽辉煌的金色为主色调。主要上演歌剧、舞剧、芭蕾舞及大型文艺演出。值得关注的是歌剧院的品字形舞台，功能齐全，可迅速地切换布景，令人称奇。歌剧院常年上演国内外顶尖团体的歌剧、音乐剧等剧目，具体演出安排详见官网。音乐厅音乐厅洁白肃穆，色调风格宁静、清新而高雅，演出大型交响乐、民乐等音乐演出。音乐厅内的管风琴造型典雅，音色饱满，是目前国内体积最大、栓数最多、音管最多、音色最丰富的，可谓“镇厅之宝”。音乐厅建筑在营造最佳声学效果方面下足了本钱，在这里欣赏一场演出，堪称享受。戏剧场戏剧场是国家大剧院最具民族特色的剧场，以中国红为主色调，真丝墙面烘托出传统热烈的气氛。主要上演话剧、歌剧、地方戏曲等演出。小剧场小剧场是国家大剧院最具多样性的多功能剧场，整体色调清新、风格典雅，可以举办室内乐、小型独奏独唱、小剧场话剧、小剧场歌剧、现代舞等多种艺术门类的演出。此外，在大剧院北入口东西两侧各有一个面积达1200平方米的展厅，常年举办各种艺术展览，有兴趣的话可来参观游览。具体展览和艺术表演请查询官网 http://www.chncpa.org/ycap/index.htm,"{'儿童': [['六周岁以下或身高1.2米（不含）以下（须有持票成人陪伴方可入内）', '免费']], '残疾军人': [['持有军残证的残疾军人', '免费']], '老人': [['离休人员凭本人离休证原件', '免费']], '残疾人': [['凭残疾证原件', '免费']], '军人': [['“八一”建军节当日，现役军人/武警（含消防救援人员）凭有效证件', '免费']], '教职工': [['“9月10日”当日教师节，在职教师凭教师证原件', '免费']]}"
雍和宫,Yonghe Temple,5153,76599,39.947102,116.417362,文化古迹,生活过雍正与乾隆两位皇帝,0,0,4.7,1928,https://youimg1.c-ctrip.com/target/100o0b0000005z27w2021.jpg,0,0,0,0,2-3小时,"{'openStatus': '今日已闭园', 'openStatusType': 1, 'canSubscribed': False, 'hasSubscribed': False, 'playSpendTime': '2-3小时', 'openDateRuleInfo': [{'dateDesc': '4月1日-10月31日', 'openWeekRuleInfo': [{'weekDesc': '09:00-17:00(停止售票16:30)'}]}, {'dateDesc': '11月1日-次年3月31日', 'openWeekRuleInfo': [{'weekDesc': '09:00-16:30(停止售票16:00)'}]}]}",雍和宫是北京市内少有的藏传佛教格鲁派（黄教）皇家寺院，历史上这里曾是清皇四子胤G（雍正皇帝）的府邸，乾隆皇帝的出生地。后来改为黄教寺院，香火极旺，寺内还有很多珍贵的古建和文物，值得参观。汉藏结合雍和宫作为寺院的一大特点就是：它是佛教汉传和藏传两大流派的融合体，游玩雍和宫时，你可以在天王殿中看到汉传佛教的大肚子弥勒佛，又能在法轮殿中看到藏传佛教的宗喀巴大师铜质鎏金像。此外，天王殿中的四大天王和雍和宫大殿中“三世佛”的排列位置也和汉传寺庙中有所不同。珍贵文物雍和宫还藏有清代西藏地方政府进献给皇室和本庙的珍品（在班禅楼、戒台楼两个文物展厅内可观赏到部分藏品）。寺内各殿堂供有众多的佛像、唐卡及大量珍贵文物。其中紫檀木雕刻的五百罗汉山，金丝楠木雕龙的大佛龛和十八米高的白檀木大佛是雍和宫木雕工艺的三绝，三绝以万福阁内的弥勒大佛极负盛名，距离地面18米，埋入地下8米，是一棵完整的白檀木所雕。此树原产地为尼泊尔，后献给乾隆皇帝。游览路线雍和宫主体建筑群由牌楼、昭泰门（山门）、天王殿、雍和宫大殿、永佑殿、法轮殿、万福阁以及班禅楼、戒台楼两个文物展厅组成，另外还有东西配殿、“四学殿”等建筑。游玩雍和宫沿着中轴线步行即可，景区内的道路并不复杂，很容易找到各殿。佛事活动雍和宫在农历每月的初一、初十、十五、三十上午例行法会外，每年还有重大的法事活动，法事期间，游客、信徒的人数会增加很多。详细的佛事活动，请见官网：http://www.yonghegong.cn/node_7048463.htm。周边景点雍和宫和国子监隔着一条路，距离很近；从雍和宫向北步行约200米可以到地坛公园；向东步行约15分钟，就是东直门大街，也称为“簋街”，这里是北京餐饮一条街。,"{'儿童': [['6周岁（含6周岁）以下或身高1.2米（含1.2米）以下的儿童凭有效证件\n', '免费']], '残疾人': [['残疾人持残联核发的第二代残疾证，残疾军人、残疾警官、残疾消防救援人员持证', '免费']], '离休干部': [['离休干部凭离休证\n', '免费']], '军人': [['现役军人凭有效证件', '免费']], '消防人员': [['在职、退休消防救援人员及消防救援院校学生，凭有效证件', '免费']], '民政优待人员': [['持北京市民政局颁发的“民政优待卡”或“民政优待临时卡”', '免费']], '学生': [['6周岁（不含6周岁）―18周岁（含18周岁）未成年人、全日制大学本科及以下学历学生（不含研究生、成人教育、业余大学、夜大函大等）凭学生证或有效证件；已满18岁的在校学生（全日制大学本科及以下学历学生），持本人学生证件现场购票', '半价']], '老人': [['60周岁（含60周岁）以上老年人凭老年证、身份证等有效证件', '半价']], '社会保障人员': [['持本市社会保障金领取证', '半价']]}"
香山公园,Fragrant Hills Park,235,75601,39.989642,116.187547,园林花园|4A|踏青必去,体味山野情趣天然氧吧|赏秋胜地有漫山的红叶,0,0,4.7,5022,https://youimg1.c-ctrip.com/target/100p0x000000lbj269BDC.jpg,10,10,5,0,2-4小时,"{'openStatus': '今日已闭园', 'openStatusType': 1, 'canSubscribed': False, 'hasSubscribed': False, 'playSpendTime': '2-4小时', 'openDateRuleInfo': [{'dateDesc': '4月1日-11月15日', 'openWeekRuleInfo': [{'weekDesc': '06:00-19:30(最晚入园18:30)'}]}, {'dateDesc': '11月16日-次年3月31日', 'openWeekRuleInfo': [{'weekDesc': '06:00-19:00(最晚入园18:00)'}]}]}",香山公园位于北京西郊，是一座具有山林特色的皇家园林，公园内林木繁茂，还有很多古迹藏在林中，是北京的观赏胜地和天然氧吧。每年秋季的“香山红叶红满天”是景区的亮点，在国内几乎家喻户晓。赏秋好去处香山红叶驰名中外，是感受北京金秋的绝好去处。每年的金秋时节，漫山遍野的黄栌经过严霜的洗礼后，变得艳红似火，把整个香山染成一片火红。其中森玉笏、玉华岫和阆风亭都是看红叶的绝好之处。而深秋的雪后，连绵的青山银装素裹，一片洁白中点缀着片片红霞，这正是旧燕京八景之一的“西山晴雪”。欣赏文物古迹香山公园创建距今已有近900年的历史。早在元、明、清时，皇家就在香山营建离宫别院，每逢夏秋时节，皇帝都要到此狩猎纳凉。公园内文物古迹众多，亭台楼阁散布于山林之间。集明清两代建筑风格的寺院“碧云寺”；国内仅存的木质贴金“五百罗汉”；迎接六世班禅的行宫“宗镜大昭之庙”和颇具江南特色的古雅庭院“见心斋”，都是除红叶外亦不可错过的赏玩胜地。此外，香山寺东南坡的双清别墅也是不可错过的游玩之地。,"{'老人': [['60周岁(含)以上游客(含港澳台及外籍)凭身份证或本人护照等有效证件', '免费']], '儿童': [['6周岁(含)以下或身高1.2米(含)以下', '免费']], '学生': [['大中小学学生集体(20人以上)预约参观爱教基地', '免费']], '现役军人': [['现役军人及武警官兵凭本人有效期内军官证、警官证、文职干部证、士兵证可免费游览；现役军人家属凭本人《中国人民解放军军人保障卡》', '免费']], '离休军人/警官人员': [['军队/武警部队离，退休干部及士官，凭本人离休干部证、退休干部证、退休士官证', '免费']], '北京通': [['持本人“北京通--民政优待卡”或“北京通--养老助残卡”游客刷卡入园', '免费']], '消防人员': [['在职、退休、残疾消防救援人员及消防救援院校学员。', '免费']], '残疾人': [['残疾人凭本人有效残疾卡（证）', '免费']], '离休人员': [['离休人员凭本人有效离休证', '免费']]}"
景山公园,Jingshan Park,5170,76610,39.925847,116.396776,城市公园|游山玩水|园林花园|赏花胜地|4A,明朝崇祯皇帝自缢的地方,0,0,4.7,3325,https://youimg1.c-ctrip.com/target/10091f000001gsmf0CEC2.jpg,68,58,58,0,1-2小时,"{'openStatus': '开园中', 'openStatusType': 0, 'canSubscribed': False, 'hasSubscribed': False, 'playSpendTime': '1-2小时', 'openDateRuleInfo': [{'dateDesc': '4月1日-10月31日', 'openWeekRuleInfo': [{'weekDesc': '06:30-21:00'}]}, {'dateDesc': '11月1日-次年3月31日', 'openWeekRuleInfo': [{'weekDesc': '06:30-20:00'}]}]}",景山公园地处北京城的中轴线上，是明、清两朝的皇家园林。公园内的中峰曾经是老北京城的制高点，中峰上的亭子叫“万春亭”，是游客来到景山公园必去的地方，在这里可以俯瞰整个北京中心城区及故宫全貌，也是拍摄故宫全景的好地方。游览路线和时间景山公园有东、西、南三个门，大多数游客从南门（故宫神武门对面）进入。公园内面积不大，景点指示牌也挺多，从山脚到山顶，一般15-20分钟即可。万春亭俯瞰故宫全景在万春亭放眼望去，望南可以看到故宫的全景；望北可以看到中轴线上的钟鼓楼；向西看则有北海的白塔，东南方可以看到中南海。当然，这是在北京城没有雾霾的前提下。在万春亭的前方还有“北京城中心”的标记，这里是京城的中心点。崇祯皇帝自缢的老槐树公园内还有一处知名景点，就是明朝崇祯皇帝自缢处。在景山的东麓，本来有一棵老槐树，据说明末李自成攻入北京时，崇祯皇帝逃到了这里，用自己的腰带上吊自缢。十年动乱期间，老槐树被当作“四旧”砍掉，1981年在原址新移栽了一棵古槐。其它建筑和看点景山的主要建筑还有：祭祀孔子的绮望楼；景山山后的寿皇殿（供明、清两代皇帝停灵、存放遗像和祭祖之所）；东侧的永思殿和观德殿以及护国忠义庙和五座峰亭。景山公园如今也是北京市民唱歌跳舞的休闲场所，能看到很多民间合唱团在这里高唱革命歌曲和民歌。天气好的时候，一些当地人喜欢下班直接到公园的山顶，欣赏和拍摄日落景色。公园内有牡丹、芍药等花卉几万株，春、夏、秋季都有花卉展览。此外，公园还有一处拍摄服务点，你可以在这里换上清朝服装拍摄皇帝像或格格像，需要另外付费。,"{'儿童': [['儿童1.2米以下或6周岁（含6周岁）', '免费']], '老人': [['60周岁及以上外省市、外籍游客凭本人身份证、护照等有效证件换票入园；持本人“北京通―养老助残卡”游客刷卡入园', '免费'], ['外埠60周岁及其以上老年人凭有效证件', '半价']], '残疾人': [['残疾人凭有效残疾卡（证）可入园', '免费']], '军人': [['现役军人、退休军人和武警官兵凭有效证件入园', '免费']], '离休人员': [['凭离休证入园', '免费']], '未成年人': [['6周岁（不含）至18周岁（含）', '半价']], '社会保障金领取人员': [['凭社会保障金领取证', '半价']]}"
明十三陵,Ming Tombs,234,75600,40.257878,116.225228,5A|文化古迹,埋葬十三位明朝皇帝的陵园,0,0,4.5,3283,https://youimg1.c-ctrip.com/target/100m1f000001gznjj0C53.jpg,49.62610179,49.62610179,24.69855345,0,3-4小时,"{'openStatus': '今日已闭园', 'openStatusType': 1, 'canSubscribed': False, 'hasSubscribed': False, 'playSpendTime': '3-4小时', 'openDateRuleInfo': [{'dateDesc': '全年', 'openWeekRuleInfo': [{'weekDesc': '08:30-16:30(最晚入园16:30)'}]}]}","明十三陵是明朝十三位皇帝的陵墓总称，位于北京西北郊,是全国现存规模较大、帝后陵寝较多皇陵建筑群之一。陵区群山环抱，陵前有河水蜿蜒，山清水秀风景殊胜。来此可以参观建筑、风景，也能了解古代皇帝的丧葬规格。明十三陵是个统一的整体，而各陵又自成一体，每座陵墓分别建于一座山前，陵墓规格大同小异。陵与陵之间距离少至半公里，多至八公里。除思陵偏在西南一隅外，其余各陵均呈扇形分列于长陵左右。十三陵中目前仅开放有“长陵”、“定陵”、“昭陵”和“神路”。神路神路位于十三陵南端，是通往十三陵区的通道，总长约7公里，也是明十三陵的第一个景点，由石牌坊，大红门，碑亭，石像生，龙凤门组成。神路的最南端是石牌坊，它是我国现存较大、较早的石枋建筑。石像生位于从碑亭北的两根六角形的石柱起，至龙凤门止的千米神道两旁，24只石兽和12个石人整齐地排列着，造型生动，雕刻精细，为我国古代陵园中罕见的精美石雕，也是神路的一大看点。长陵长陵位于天寿山主峰南麓，是明朝第三位皇帝成祖文皇帝朱棣（年号永乐）和皇后徐氏的合葬陵寝。在十三陵中建筑规模最宏伟，营建时间最早，地面建筑也保存得较为完好。它是十三陵中的祖陵，也是陵区内主要的旅游点之一。定陵定陵坐落在大峪山下，位于长陵西南方，是明代第十三位皇帝神宗显皇帝朱翊钧（年号万历）的陵墓，同时还葬有他的两个皇后。主要建筑有恩门、恩殿、宝城、明楼和地下宫殿等。它是十三陵中独有的一座被发掘了的陵墓。其地宫可供游人参观。昭陵昭陵位于大峪山东麓，是明朝第十二代皇帝穆宗庄皇帝朱载（年号隆庆）及其三位皇后的合葬陵寝。现存有完整的恩门、恩殿及其东西配殿、方城、明楼、宝顶等。昭陵是十三陵中第一座大规模修葺复原的陵园。","{'学生': [['6周岁(不含) ~18周岁(含) 未成年人、全日制大学本科及以下学历学生(不含成教)，凭有效证件', '半价']], '社会保障人士': [['享受社会保障金人员，凭社会保障金领取证', '半价']], '港澳台青少年': [['港澳台青少年凭《港澳居民来往内地通行证》、《台 湾居民来往大陆通行证》或学生证等有效证件', '半价']], '儿童': [['6周岁(含) 以下或身高1.2米(含) 以下的儿童', '免费']], '现役军人/消防员': [['现役军人、消防员凭有效证件(军人保障卡不作为有 效证件)', '免费']], '残疾人': [['残疾人(含军残)，凭有效残疾人证或军人残疾证;4.离休人员凭有效证件', '免费']], '老人': [['60周岁（含）以上老人凭有效证件', '免费']], '北京通一养老助残卡人员': [['持北京通一养老助残卡人员，凭正式卡入园;使用临时卡的，需同时出示本人身份证', '免费']], '退役军人': [['退役军人凭退役军人优待证免票', '免费']]}"
鸟巢（国家体育场）,Bird's Nest (National Stadium),52626,10559019,39.993424,116.395927,,新北京的标志性建筑,0,0,4.6,2378,https://youimg1.c-ctrip.com/target/fd/tg/g2/M06/88/23/Cghzf1WwtEiAJ2cqAAocVn4isuk274.jpg,100,80,80,0,1.5-2小时,"{'openStatus': '开园中', 'openStatusType': 0, 'canSubscribed': False, 'hasSubscribed': False, 'playSpendTime': '1.5-2小时', 'openDateRuleInfo': [{'dateDesc': '全年', 'openWeekRuleInfo': [{'weekDesc': '10:00-21:00(最晚入园20:00)'}]}]}",鸟巢（国家体育场）位于北京中轴线的北端，是2008年北京奥运会的主体育场，以其高端大气的外形与举办的众多国际比赛，成为北京近几年新地标之一。独特的外观体育场外部由树枝般交错的钢材编织成“鸟巢”的形状，高低起伏的弧形线条使它看上去像律动的生命体，造型极具视觉冲击力。原先置于鸟巢顶部的祥云火炬塔现在搬到了鸟巢东北侧的火炬广场，在体育场外就能看到它。内部看点鸟巢内部密密麻麻将近10万个红色观众席颇为壮观，同时陈列着鸟巢建筑工程相关、奥运主题相关的一些展览，这是购买50元参观票在鸟巢内部能够游览的内容。若买了80元的鸟巢空中走廊（简称“顶美”）票，除了游览上述内容，还能在鸟巢五层北侧坐电梯上顶部――原先祥云火炬塔所在的地方，透过脚下的钢网眼，纵横的钢结构、鸟巢内景观一览无余；周边玲珑塔，奥林匹克公园景观大道尽收眼底；远眺北京城，天气好的话，甚至能看到南边景山公园的轮廓。若买了110元的贵宾票，那么除了50元参观票游览的内容、鸟巢空中走廊，另增加贵宾区，金色的大厅，金色的通道，金碧辉煌又不失庄重的休息室，可谓集“高大上”于一体。拍照攻略鸟巢的外观已经足够独特，一般游客不去内部参观，就在外面拍拍照也很不错。鸟巢周围的广场上有许多照明用的景观灯，都做成了鸟巢的形状。把“小鸟巢”景观灯当前景，“大鸟巢”国家体育场当背景，拍出的照片挺有趣味。到了夜晚，鸟巢亮起红色的灯，旁边水立方蓝色为主（会变幻别的颜色）的灯光相映成趣，夜景很美，不过别去太晚，否则就关灯了。鸟巢东边有一条人工河，在人工河边找自己喜欢的位置，拍摄亮了灯的鸟巢与在水面的倒影，便是鸟巢的“标准照”了。除了举办体育赛事，鸟巢也承办演唱会等文艺活动。鸟巢内有奥运相关、鸟巢自身相关的纪念品出售，鸟巢和水立方间的广场有卖长串风筝（很多小风筝连成一串），很别致，可以放风筝玩。另外，景区内的水和食物是比较贵的。,"{'儿童': [['1.2米（含）以下或6周岁（含）以下儿童持本人有效证件（需成人陪同）', '免费']], '老人': [['65周岁（含）以上老人持本人有效证件（老年证或身份证）', '免费'], ['60周岁（含）至64周岁（含）老人持本人有效证件（老年证或身份证）', '优惠']], '残疾人': [['持本人《残疾证》', '免费']], '学生': [['全日制大中小学生，研究生（不含成人教育）持本人有效学生证', '优惠']], '军人': [['现役军人持本人《军官证》、《文职人员证》、《士兵证》', '优惠']], '消防救援人员': [['持本人《消防员证》', '优惠']]}"
奥林匹克公园,Olympic Garden,140224,10559691,39.992915,116.392799,赏花胜地|5A,,0,0,4.7,1446,https://youimg1.c-ctrip.com/target/100b1f000001gsmfgB4A5.jpg,118,118,118,118,0.5-1天,"{'openStatus': '开园中', 'openStatusType': 0, 'canSubscribed': False, 'hasSubscribed': False, 'playSpendTime': '0.5-1天', 'openDateRuleInfo': [{'dateDesc': '5月1日-10月31日', 'openWeekRuleInfo': [{'weekDesc': '06:30-22:00'}]}, {'dateDesc': '11月1日-次年4月30日', 'openWeekRuleInfo': [{'weekDesc': '07:30-21:30'}]}]}",奥林匹克公园位于北京中轴延长线的北端。它集中体现了“科技、绿色、人文”三大理念，是集办公、商业、酒店、文化、体育、会议、居住等多种功能为一体的新型城市区域。,"{'儿童/老人/学生': [['老人：60（含）岁以上；\n儿童：1.2米（不含）-1.4米（含）；\n学生：全日制大学本科及以下凭本人有效学生证\t\t\t\t\n', '优惠']]}"
毛主席纪念堂,Chairman Mao Memorial Hall,54291,84789,39.902521,116.397766,,纪念开国伟人的地方,0,0,4.6,504,https://youimg1.c-ctrip.com/target/100t12000000rqu9a4275.jpg,0,0,0,0,0.5-1小时,"{'openStatus': '今日已闭园', 'openStatusType': 1, 'canSubscribed': False, 'hasSubscribed': False, 'openTimeTips': '国家法定节假日、有关纪念日开、天安门广场有活动另行通知。', 'playSpendTime': '0.5-1小时', 'openTimeDesc': '国家法定节假日、有关纪念日开、天安门广场有活动另行通知。', 'openDateRuleInfo': [{'dateDesc': '全年', 'openWeekRuleInfo': [{'weekTime': '周二至周日', 'weekDesc': '08:00-12:00'}, {'weekTime': '周一', 'weekDesc': '不开放'}]}]}",毛主席纪念堂位于天安门广场的中轴线上，人民英雄纪念碑南面便是纪念堂，庄严肃穆。毛主席便长眠于此，每天慕名来此瞻仰他遗容的游人络绎不绝。纪念堂共有两层，一层主要是瞻仰毛主席遗容，二层是革命业绩纪念室。一般散客只能参观一层，二层需单位团体组织参观。一层：瞻仰毛主席遗容一层由北大厅、瞻仰厅、南大厅三部分组成。北大厅是参观入口和举行纪念仪式的地方。依序向前走，来到瞻仰厅，这里是此行的重点。毛主席身着灰色中山装，身上覆盖党旗，安卧在水晶棺里。因为是排队绕行瞻仰，不能在瞻仰厅内逗留，许多人排一两小时队，只为在此瞻仰几分钟伟人遗容。二层：重温革命故事如果是单位组织前往，可在二层纪念室内看到雕像和相关照片、文献和实物，此外，在电影厅，可观看纪录片《怀念》，长约20分钟。,{}
天安门城楼,Tiananmen Tower,52666,84616,39.908734,116.397467,,登上城楼俯瞰天安门广场,0,0,4.7,1079,https://youimg1.c-ctrip.com/target/10070h0000008sb4h5CD1.jpg,0,0,0,0,0.5-1小时,"{'openStatus': '暂停营业', 'openStatusType': 4, 'openTime': '营业时间待定', 'canSubscribed': False, 'hasSubscribed': False, 'playSpendTime': '0.5-1小时', 'openDateRuleInfo': [{'dateDesc': '全年（淡季）', 'openWeekRuleInfo': [{'weekDesc': '08:30-15:30'}]}, {'dateDesc': '全年（旺季）', 'openWeekRuleInfo': [{'weekDesc': '08:30-16:30'}]}]}",天安门城楼位于天安门广场北端，是北京和伟大祖国的象征，也是每个来北京的游客都不可错过的地方。登楼俯瞰在天安门广场上，远远便可看到屹立的天安门城楼。登上城楼，俯瞰整个天安门广场和川流不息的长安街，视野非常好。在此拍照留念，有种十分奇妙的穿越感和民族自豪感。城楼内饰古色古香，可以参观当年的会客厅，还有图文展览，可以了解天安门各时期的沿革和曾在此举行的重要活动。游览路线参考由于来此参观的游人非常多，城楼上常常限流。游人从一侧上楼，一侧下楼，便可完成参观。游完城楼，天安门广场上还有人民英雄纪念碑、人民大会堂、中国国家博物馆等景点，都十分值得一看，可一并游览。穿过天安门城楼沿中轴线继续往北，还可购票进入故宫参观。辉煌夜景另外值得一提的是，天安门城楼的夜景也十分好看，华灯初上时，城楼亮起景观灯，和天安门广场上的其他建筑交相辉映，显得格外宏伟壮观。,"{'儿童': [['6周岁（含）以下或身高1.2米（含）以下', '免费']], '儿童/学生/老人': [['6周岁（不含）-16周岁（含）凭身份证，全日制大中小学生凭学生证，60岁-64岁（1952年-1956年）老人', '优惠']]}"
北京天文馆,Beijing Planetarium,52676,84621,39.937338,116.336706,天文馆|4A|探秘展馆,中国第一座天文馆,0,0,4.5,796,https://youimg1.c-ctrip.com/target/1A0r1c000001cdmez1EDA.jpg,0,0,0,0,2-3小时,"{'openStatus': '今日已闭园', 'openStatusType': 1, 'canSubscribed': False, 'hasSubscribed': False, 'openTimeHolidayDesc': '中国法定节假日 09:00-16:30(最晚入园16:00)', 'openTimeTips': '每周五至周日，开放时间调整为9:00-19:30（19:00停止入馆），并将贯穿整个暑期', 'playSpendTime': '2-3小时', 'openTimeDesc': '中国法定节假日 09:00-16:30（16:00停止入园）；每周五至周日，开放时间调整为9:00-19:30（19:00停止入馆），并将贯穿整个暑期', 'openDateRuleInfo': [{'dateDesc': '全年', 'openWeekRuleInfo': [{'weekTime': '周三至周日', 'weekDesc': '09:00-16:30(最晚入园16:00)'}, {'weekTime': '周一至周二', 'weekDesc': '不开放'}]}, {'dateDesc': '中国法定节假日', 'holidayOpenDesc': '09:00-16:30(最晚入园16:00)'}]}",北京天文馆是中国第一座天文馆，分为A馆（老馆）和B馆（新馆）两座。馆内以精彩的剧场展示为主，游客可以通过观赏震撼刺激的高科技电影、观测天文台、参观展览等活动来了解宇宙的起源与发展，学习天文知识。天象厅是A馆中最重要的馆区，厅内有直径23.5米的球幕穹顶，用先进仪器逼真还原地球上肉眼可见的9000颗左右的恒星，为观众带来最真实的星空体验。B馆内有宇宙剧场、3D剧场、4D剧场共三个天文剧场，以及天文展厅、太阳观测台、大众天文台、天文教室等各类科普教育设施。其中，半径为18米的宇宙剧场拥有标准半球全天域银幕，能同时为200名观众呈现出气势恢宏的立体天幕效果，这在我国大陆地区独一无二。4D剧场不仅能够呈现栩栩如生的立体影像，还能产生喷水、喷风、拍腿等多种特效，为你带来身临其境的奇妙科普体验。3D剧场以逼真绚丽的立体效果为观众们呈现科普知识，真正做到了寓教于乐。,"{'未成年人': [['18周岁（不含）以下，凭有效证件', '免费']], '学生': [['全日制大学本科及以下学历学生（含职高、技校、中专等在校学生），凭有效证件', '半价']], '老人': [['60周岁（含）以上，凭有效证件', '免费']], '残疾人': [['凭有效证件换票入馆', '免费']], '军人': [['现役军人、警察、消防救援人员和消防救援院校学员，凭有效证件换票入馆', '免费']], '医护人员': [['2022年度，医务工作者可凭有效证件免费参观展厅（需预约），凭有效证件换票入馆', '免费']], '其他人群': [['见义勇为人员、中国博物馆协会会员、中国自然科学博物馆协会会员及北京市A级旅游景区服务质量监督员，免费参观展厅（需预约），凭有效证件换票入馆；持《北京博物馆通票》人群可在通票有效期内，预约规定人次的展厅免费票；购买剧场票者，可凭当日有效剧场票免费参观展厅', '免费']]}"
清华大学,Tsinghua University,66115,88193,40.00391,116.326767,,水木清华百年名校,0,0,4.7,956,https://youimg1.c-ctrip.com/target/100e1f000001gszhgE879.jpg,0,0,0,0,1-2小时,"{'openStatus': '已闭园', 'openStatusType': 3, 'canSubscribed': False, 'hasSubscribed': False, 'openTimeTips': '目前暂停校外人员参观', 'playSpendTime': '1-2小时', 'openTimeDesc': '目前暂停校外人员参观', 'openDateRuleInfo': [{'dateDesc': '全年', 'openWeekRuleInfo': [{'weekDesc': '不开放'}]}]}",清华大学创办于1911年，前身“清华学堂”，是中国知名的大学之一，校内绿草青青树木成荫，清澈的万泉河从腹地蜿蜒流过，勾连成一处处湖泊和小溪，滋润着一代代清华学子高洁的志趣和情操。校内的清华园曾是皇家园林，亭台楼榭与湖水树林相映，环境非常优美。西区校园为老校区，以美式的校园布局和众多西洋风格的砖石结构为特色。东区校园则建于20世纪50年代，以苏式主楼为主体，90年代开始在主楼前后新建了各院系系馆及综合体育馆、游泳馆、紫荆公寓等现代风格的建筑物，雄伟大气，而又安静舒服。,{}
大栅栏,Dashilar,54196,10524170,39.895221,116.391237,街区/小镇,古老胡同中老字号云集,0,0,4.6,810,https://youimg1.c-ctrip.com/target/1A0c15000000xte0j028E.jpg,0,0,0,0,30-60分钟,"{'openStatus': '开园中', 'openStatusType': 0, 'canSubscribed': False, 'hasSubscribed': False, 'openTimeTips': '具体营业状态以当天开放情况为准', 'playSpendTime': '30-60分钟', 'openTimeDesc': '具体营业状态以当天开放情况为准', 'openDateRuleInfo': [{'dateDesc': '全年', 'openWeekRuleInfo': [{'weekDesc': '全天开放'}]}]}",大栅栏位于天安门西南侧，是北京有名的古老街市和繁华的商业闹市区，更是京城文化的缩影和精华。街区内的购物、餐饮、娱乐等店铺鳞次栉比，各家商户分列其间，是娱乐逛街、品尝美食、感受北京文化的必选之地。大栅栏商业街：商户聚集逛大栅栏街区，大栅栏商业街是您很好的选择。大栅栏商业街位于前门大街西侧，是前门商业圈的重要组成之一。作为一条有着将近600年历史的商业老街，大栅栏一直是老北京的商业繁华之地，街上有不少有名的商户：经营中医药的同仁堂、经营布匹绸缎的瑞蚨祥、经营布鞋的内联升，以及经营酱菜的六必居等。除了商号，大栅栏还曾经是京城的娱乐中心，许多有名戏楼、茶馆、书场，以及北京历史上较早的电影院均落户于此。门框胡同：吃货不可错过大栅栏街区内美食商铺众多，如果你是个不折不扣的吃货，你可千万不要错过门框胡同。门框胡同位于大栅栏街道东北部，南北走向，南起大栅栏街，北至廊坊头条，与廊坊二条、三条交汇，是清末和民国时期京城有名的小吃街。而今的门框互通，“年糕王”、“豌豆宛”、“馅饼路”、“爆肚杨”、“豆腐脑白”、“奶酪魏”、“同益轩羊肉”、“褡裢火烧”等各种小吃定让你食指大动，关键是价格还不贵。延寿街：充满生活气息此外，吃货也不能错过延寿街。延寿街是充满生活气息的：炸鸡、清真店羊杂牛杂、酱菜和副食，甚至是煎饼。步入延寿街就可以闻到那诱人的香气。食物都是店里现场制作，从店面的装修到整条街的气氛都可以用淳朴来形容。饱餐之后不妨到旁边的魁德社坐一坐，去看一场“独角戏”，像老北京人一样的生活吧。八大胡同：感受浓浓的京味儿如果你想感受深厚的京味文化和历史，八大胡同是你的好选择。八大胡同是指铁树斜街以南的八条胡同，依次是：百顺胡同、胭脂胡同、韩家潭、陕西巷、石头胡同、王广福斜街、朱家胡同、李纱帽胡同。八大胡同在清朝乾隆时期建立，徽班进京时，“四喜班”就居住在八大胡同地区，民国时期反袁护国义妓小凤仙曾在此建立“云吉班”。走在八大胡同，仍然可以感受到浓郁的历史气息。大栅栏区域的琉璃厂东街，也是文人墨客不可错过的地方。这里曾是元代烧制琉璃的窑厂。现如今，许多商家在街边摆起字画，成为街边画廊。琉璃厂东街也成为墨宝与古玩的聚集地。?,{}
前门大街,Qianmen Street,107634,90794,39.893302,116.398133,街区/小镇,京味十足的商业老街,0,0,4.6,1438,https://youimg1.c-ctrip.com/target/0101t120007xzhog38999.jpg,0,0,0,0,1-2小时,"{'openStatus': '', 'openStatusType': 999, 'canSubscribed': False, 'hasSubscribed': False, 'playSpendTime': '1-2小时', 'openTimeDesc': '全天开放'}",前门大街位于北京市中心南侧，自古就是北京有名的商业街。如今也有多家餐馆、店铺，还有各地的小吃汇集，适合逛街购物、享用美食。另外街上建筑都很古老，搭配牌坊、老招牌、红灯笼等，很有老北京的味道。游玩路线正常游客游玩前门大街都是在步行街部分，即北起正阳门箭楼的外面，南至珠市口东大街为止的这一部分，长约800米左右，在这里步行游玩即可。另外，步行街上还有观光小火车可以乘坐，这种古老的小火车历史悠久，名叫铛铛车，全程几百米，票价约20元，适合带着小朋友前去乘坐。除了前门步行街外，步行街旁边的如大栅栏、鲜鱼口等胡同也都算作是前门大街这一个区域，一起步行游玩。品尝烤鸭、涮羊肉等传统美食游玩前门大街，首先比较重要的事情就是享用传统美食。步行街及周边胡同里有全聚德、便宜坊、东来顺、六必居等众多的餐厅，可以吃到烤鸭、涮羊肉等多种传统美食，而且这些餐厅属于全城统一价，不会比外面贵，相反更加正宗，所以一定要选一家好好尝尝。除了大餐厅外，街边还有很多小吃和糕点店铺，如马迭尔冰棍、北京老酸奶、稻香村、都一处等，不过一般都比外面贵一点，稍微尝试一下可以，若要采购回去做礼物，推荐去其他地方的分店购买。另外，街上还有哈根达斯、星巴克、肯德基等国外的咖啡馆、快餐店品牌可以选择。老建筑里感受京城韵味除了餐馆之外，前门大街和附近的胡同里也有如瑞蚨祥、北京照相机总厂、中国冠帽文化博物馆等店铺和老建筑，可以进入参观。另有各类的茶馆，里面往往有相声、评书等传统艺术表演，可以走进胡同一一游玩。在街上拿起相机，对着眼前的老建筑、老招牌、牌坊和红灯笼拍上几张照片，也都充满了京城韵味。,{}
王府井,Wangfujing,54198,10524169,39.913507,116.411649,街区/小镇,北京知名的老牌购物商圈,0,0,4.5,1522,https://youimg1.c-ctrip.com/target/100u1f000001gq8fl5AFF.jpg,49.9,49.9,45,49.9,2-4小时,"{'openStatus': '开园中', 'openStatusType': 0, 'canSubscribed': False, 'hasSubscribed': False, 'playSpendTime': '2-4小时', 'openDateRuleInfo': [{'dateDesc': '全年', 'openWeekRuleInfo': [{'weekDesc': '全天开放'}]}]}",王府井位于故宫东侧，是指以王府井大街为中心的一片区域，这里汇集了多家大规模购物中心，是北京的老牌购物胜地。另外还有汇集各地美食的小吃街，历史悠久的王府井教堂等，是到北京购物逛街、品尝美食的热门去处。逛街购物王府井区域交通非常便利，地铁1号线、5号线都可以到达，附近公交线路也有极多。到达王府井，很多游客首要的事情便是逛商场。王府井区域有东方新天地、APM、银泰、北京百货大楼等多座大型的购物商场，汇集了国际、国内各大品牌的商店和众多饭店，购物、就餐都非常方便。还有瑞蚨祥、内联升、盛锡福等一众百年老字号，让人感受到浓厚的民俗风情。品尝美食除了购物外，品尝美食也是王府井游玩的重点，在大纱帽胡同北侧有王府井小吃街，再向北一点还有著名的东华门夜市。街上有老北京风味的炒肝、爆肚儿、豆腐脑、冰糖葫芦，有天津的狗不理包子、西北的羊杂汤等各地美食，甚至还有炸蝎子、昆虫等重口味食品，感兴趣的可以前去品尝。街上老字号小吃经常有悠扬精彩的吆喝声，也是别具风情的一景。景点观光王府井区域内有王府井教堂、老舍故居等一批古老建筑，其中王府井教堂在北京比较有名，晚上亮灯时更是拍夜景的好地方。,{}
北京汽车博物馆,Beijing Automobile Museum,107839,90977,39.828897,116.30168,4A|博物馆|探秘展馆,参观众多古老汽车原型,0,0,4.7,4935,https://youimg1.c-ctrip.com/target/1A0k190000015z7o4A395.jpg,25,25,20,0,1-2小时,"{'openStatus': '今日已闭园', 'openStatusType': 1, 'canSubscribed': False, 'hasSubscribed': False, 'openTimeHolidayDesc': '中国法定节假日 09:00-17:00(停止售票16:00,最晚入园16:30)', 'playSpendTime': '1-2小时', 'openTimeDesc': '中国法定节假日 09:00-17:00（16:00停止售票，16:30停止入园）', 'openDateRuleInfo': [{'dateDesc': '全年', 'openWeekRuleInfo': [{'weekTime': '周二至周日', 'weekDesc': '09:00-17:00(停止售票16:00,最晚入园16:30)'}, {'weekTime': '周一', 'weekDesc': '不开放'}]}, {'dateDesc': '中国法定节假日', 'holidayOpenDesc': '09:00-17:00(停止售票16:00,最晚入园16:30)'}]}",这是一座以汽车为主题的专题博物馆，馆内有众多历史上著名车辆的模型和实体，也有汽车内部构造的说明，以及对未来汽车的预测展示，可以了解汽车的历史发展。小朋友们还可以参加模拟赛车、汽车电影等众多体验活动。汽车博物馆的建筑外形好像一只动感的大眼睛，门口的售票处是在一座火车头里，很有特色。博物馆的地下室是停车位和存包处，个别时段也会有临时展览在此展出。游览区域是地上部分的五层楼，进入后一一步行参观即可，大约需要2小时左右。一楼：博物馆大厅一楼是博物馆的大厅，另外还有临展厅和多功能厅等，近年来这里是丰台城市规划展览的所在地，展览比较简单，免费开放，不过需要提前三天进行电话预约。继续参观汽车博物馆则需购买博物馆门票。二楼：参观著名汽车原型二楼处有一个中国汽车工业发展展示，有很多当年苏联的吉姆、伏尔加轿车等车的原型，可以参观一下。不过展览较为简单，这一层的主要功能是餐厅和纪念品商店，餐厅分为主题餐厅和快餐厅，主题餐厅的装修十分特别，就是以公路和汽车的元素为主，里面提供西餐，环境非常优雅，人均30-50元左右，快餐厅则比较简单，用餐人均20元左右。纪念品商店里售卖很多汽车模型等纪念品，有兴趣的可以前去参观选购。三楼：未来汽车影响预测三楼是汽车未来和对人类生活影响的展示。未来展区里展示了很多概念车和未来汽车预测的模型，很有特点。对人类生活影响展示了汽车带来使生活便捷的变化，但是也有交通拥堵、污染等不良影响，同时展示了人类在应对不良影响上所作出的努力。这一层还有汽车电影、模拟开车、汽车舞蹈（即可以跟着曲子跳舞的汽车）、汽车模型拼装等游戏，适合小朋友们前来娱乐。四层：学习汽车构造四层处是以工程技术为主的展示，相对较为专业，展示了汽车的内部构造、生产线等汽车生产中的过程，可以帮助游客更深入的了解汽车。这一层还有汽车设计模拟，即通过电脑自己设计汽车，最后由电脑对设计进行打分，十分有趣。在F1大赛展区，还可以模拟赛车，非常刺激。五层：了解汽车历史五层则展示了汽车的历史，从最早的马车、独轮车，中国历史上著名的指南车、击鼓车等，一直展示到如今的汽车。里面有国外的早期蒸汽车、清朝时中国最早的蒸汽车等十分独特的车型，还有甲壳虫、法拉利、福特等早年的老爷车原型，是了解汽车历史的好地方。,"{'儿童': [['6岁（含）以下或身高1.2米（含）以下公众号预约', '免费']], '残疾人': [['凭残疾证公众号预约', '免费']], '老人': [['老人60岁（含）以上凭老年证或身份证公众号预约', '免费']], '军人': [['现役军人及在职、退休、残疾消防救援人员和消防救援院校学院凭有效证件（限本人使用）公众号预约', '免费']], '学生': [['持有学生证的全日制大、中、小学生（不含成人教育）', '优惠']], '消防救援人员': [['在职、退休、残疾消防救援人员和消防救援院校学院学生凭有效证件公众号预约', '免费']]}"
中国人民革命军事博物馆,Chinese People's Revolutionary Military Museum,62723,87208,39.909009,116.323822,,参观众多武器装备,0,0,4.7,1445,https://youimg1.c-ctrip.com/target/100j0u000000iug4y9D94.png,256,256,256,256,2-4小时,"{'openStatus': '今日已闭园', 'openStatusType': 1, 'canSubscribed': False, 'hasSubscribed': False, 'openTimeHolidayDesc': '中国法定节假日 09:00-17:00(最晚入园16:00)', 'playSpendTime': '2-4小时', 'openTimeDesc': '中国法定节假日 09:00-17:00（16:00停止入园）', 'openDateRuleInfo': [{'dateDesc': '全年', 'openWeekRuleInfo': [{'weekTime': '周二至周日', 'weekDesc': '09:00-17:00(最晚入园16:00)'}, {'weekTime': '周一', 'weekDesc': '不开放'}]}, {'dateDesc': '中国法定节假日', 'holidayOpenDesc': '09:00-17:00(最晚入园16:00)'}]}",中国人民革命军事博物馆筹建于1959年，是向国庆10周年献礼的首都十大建筑之一。它也是中国的大型综合性军事历史博物馆。博物馆中央7层，两侧4层，顶层有塔尖高挑军徽。整座建筑气势端正，雄伟异常。??馆内分基本陈列和临时陈列。基本陈列由不同的主题展馆组成，以中国军事历史为主线，展示了五千年来重要的军事事件、人物、论著、科技及兵器发展等内容，同时也展示了现代中国国防建设与人民军队正规化建设的新成就。军事博物馆2011年6月启动展览大楼加固改造工程，2017年7月开放兵器陈列的一层和负一层大型武器装备展区。目前开放区展出的有王海在抗美援朝战争中驾驶过的米格-15歼击机、开国大阅兵的领头战机――P-51战斗机、我军的第一辆坦克“功臣号”、珍宝岛自卫反击战中缴获的T-62坦克、美制U-2高空侦察机残骸、头门山海战英雄炮艇、中国造轰-6轰炸机、中国造红旗2号甲地空导弹等大型武器装备。,{}
三里屯,Sanlitun,140217,100974,39.934959,116.45436,街区/小镇,北京时尚潮流生活的地标,0,0,4.7,1010,https://youimg1.c-ctrip.com/target/0106o120008632x65D55A.jpg,0,0,0,0,2-4小时,"{'openStatus': '', 'openStatusType': 999, 'canSubscribed': False, 'hasSubscribed': False, 'playSpendTime': '2-4小时'}",三里屯位于朝阳区中西部，因距北京内城三里而得名。作为地片名，泛指左家庄、朝外大街、呼家楼、麦子店合围地域。建国后三里屯地区开始建起使馆区，之后逐渐发展成为驻华外交人员聚居、购物和举办外事活动的重要社区。如今的三里屯已经成为北京时尚潮流生活的地标。这里的酒吧街和夜店是北京年轻人夜晚娱乐的主要目的地。逐渐兴建起来的购物中心和潮流名品店更让这里成为引领京城时尚的先锋地带。,{}
雁栖湖,Yanqi Lake,5315,76680,40.397831,116.684269,游山玩水|亲近大自然|4A|踏青必去,湖光山色中赏一轮明月,0,0,4.5,3007,https://youimg1.c-ctrip.com/target/10021f000001gxcft163D.jpg,42,42,21,42,0.5-2天,"{'openStatus': '今日已闭园', 'openStatusType': 1, 'canSubscribed': False, 'hasSubscribed': False, 'playSpendTime': '0.5-2天', 'openDateRuleInfo': [{'dateDesc': '3月1日-11月14日', 'openWeekRuleInfo': [{'weekDesc': '08:00-17:30'}]}, {'dateDesc': '11月15日-次年2月28日', 'openWeekRuleInfo': [{'weekDesc': '08:30-17:00(最晚入园16:00)'}]}]}",雁栖湖位于燕山脚下长城之边，每年春秋两季常有成群的大雁来湖中栖息，故而得名。1987年正式对外开放接待游客。2002年雁栖湖被评定为AAAA级旅游风景区；2014年亚太经合组织APEC领导人非正式会议在此召开。2017年5月“一带一路”国际合作高峰论坛，在此共商合作大计，共建合作平台，共享合作成果，雁栖湖再次成为举世瞩目的焦点。雁栖湖由东、西两个湖区组成，水面宽阔，雁栖湖景区湖面230公顷，环湖慢行系统14公里。雁栖湖地势平坦、水域宽阔，非常适合开展各类水上陆地娱乐项目，是京郊知名的旅游风景区和水上乐园。雁栖湖现有龙舟、画舫、快艇、电瓶船、大黄鸭船等水上观光游览船只，另外还有激流勇进、水上飞降、娱乐跑车、海盗船、碰碰车、动漫小火车、旋转木马等十多项陆地娱乐项目，能够满足不同群体的娱乐需求。游客可乘船做环湖游、环岛游，亦可沿环湖路乘车游、骑行游或徒步游。雁栖湖景区经过三十年的开发建设，充分利用自身得天独厚的自然旅游资源，将一座普通的中型水库建设成为市级风景名胜区、国家AAAA级旅游景区，使一个普通的水库管理事业单位发展成为集观光旅游、休闲度假于一体的旅游胜地，为树立怀柔良好的旅游形象做出了贡献。,"{'儿童': [['1.2米（含）以下\n', '免费'], ['1.2米（不含）-1.5米（含）儿童', '半价']], '老人': [['60周岁（含）以上凭身份证', '免费']], '残疾人': [['残疾人（凭残疾证）\n', '免费']], '现役军人和医护人员': [['现役军人和医护人员持有效证件和身份证原件', '免费']], '学生': [['1.5米（不含）以上的学生（凭学生证）', '半价']]}"
南山滑雪场,Nanshan Ski Resort,18606,10758243,40.333139,116.862572,,建有波浪练习道,0,0,4.7,1487,https://youimg1.c-ctrip.com/target/100f0z000000numfi420C.jpg,0,0,0,0,2-6小时,"{'openStatus': '暂停营业', 'openStatusType': 4, 'openTime': '营业时间待定', 'canSubscribed': True, 'hasSubscribed': False, 'playSpendTime': '2-6小时', 'openDateRuleInfo': [{'dateDesc': '12月1日-次年2月28日', 'openWeekRuleInfo': [{'weekDesc': '09:00-17:00,18:30-21:30'}]}]}",北京南山度假村位于距离和桥62公里的密云县，京承高速直达，是北京及华北地区罕见的集滑雪、滑道等动感休闲娱乐项目为一体的冬季度假村，日接待能力5000人，拥有停车位2000余个，地处密云县南山北坡，雪质优良，景色壮美，气候宜人。南山滑雪场是华北地区较大的滑雪场，现已建成高、中、初级滑雪道，教学道和娱雪道21条，包括“猫跳”（Mogul高级道）、波浪练习道（Waves?Slope）和儿童雪地摩托专用道，拥有一个单板公园―NANSHAN?MELLOW?PARK（南山－麦罗单板公园），以及国内第一座六人制雪地足球场。其中著名的“野雪公园”则是一座美丽的树林滑雪区，已成为北京非主流滑雪高手进行树林中训练的特种场地。在戏雪娱雪方面，引进建设了德国威岗旱地雪橇（滑道1318米），途中穿越9座高架桥，1条百米隧道，全程长达、加拿大雪上飞碟、韩国爬犁和美式索道雪山滑翔翼及儿童滑翔伞。,{}
北京自然博物馆,Beijing Museum of Natural History,5181,76620,39.883092,116.399795,博物馆|探秘展馆,观赏已经灭绝动植物的化石,0,0,4.6,887,https://youimg1.c-ctrip.com/target/0100a120008c2joa7AFF8.jpg,0,0,0,0,2-3小时,"{'openStatus': '今日已闭园', 'openStatusType': 1, 'canSubscribed': False, 'hasSubscribed': False, 'openTimeHolidayDesc': '中国法定节假日 09:00-17:00(最晚入园16:00)', 'playSpendTime': '2-3小时', 'openTimeDesc': '中国法定节假日 09:00-17:00（16:00停止入园）', 'openDateRuleInfo': [{'dateDesc': '全年', 'openWeekRuleInfo': [{'weekTime': '周二至周日', 'weekDesc': '09:00-17:00(最晚入园16:00)'}, {'weekTime': '周一', 'weekDesc': '不开放'}]}, {'dateDesc': '中国法定节假日', 'holidayOpenDesc': '09:00-17:00(最晚入园16:00)'}]}",在北京自然博物馆游玩，你能看到包括古黄河象头骨化石、巨型马门溪龙、世界上最早鸟类之一的三塔中国鸟等一批珍贵的动植物化石。走进馆内的恐龙公园，周围都是活灵活现的恐龙模型，犹如进入了亿万年前的恐龙时代。目前馆内的基本陈列有：《人之由来》、无脊椎动物的繁华、植物世界、恐龙公园、古哺乳动物、古爬行动物、神奇的非洲、探索角等。其中最吸引游客的非恐龙公园和古爬行动物厅莫属。在恐龙公园内，使用先进的技术手段，复原了几十种恐龙以及它们生活的场景，在这里游客可以看到：庞大的峨眉龙躲在树林中，天空上的翼龙在空中滑翔，马门溪龙扭动着蟒蛇一样的脖子，凶猛的永川龙虎视眈眈地盯着巨大峨眉龙，伺机把它们作为美食。而在古爬行动物厅中，展示了众多的恐龙骨架群，如中国人发现的第一条恐龙――许氏禄丰龙，体长达26米的井研马门溪龙，小巧玲珑的恐爪龙，展翅翱翔的翼龙，称霸海洋的鱼龙等各种恐龙骨架。在其他的基本陈列中，游客能够看到很多已经灭绝的动植物化石，还有很多动植物的标本和模型图片，如：黄河古象。目前最早的被子植物化石（存活于1.45亿年前）――世界上第一朵花辽宁古果，了解到生命的起源、发展和灭亡的过程，感受复杂的生物演化历程。在《人之由来》展厅，有不少人体骨骼和器官的标本，其中包括极为罕见保存下来的生活在距今320万年前的“露西”、160万年前的“纳里奥托姆男孩儿”和6万年前的“尼安德特人”骨架。游客可以在这里对人体构造有深入的了解。如果是带着小朋友，那么馆内的“探索角”一定要去。在这里游客可以自由阅读科普书籍；还可以充分发挥自己的想象，画出他们在自然博物馆中的所见所闻。此外，“探索角”提供了各种生物学模型供游客自行拼装。博物馆内还设有免费的4D影院，每天都放映数场科普电影，具体放映时间和影片请见官网：http://www.bmnh.org.cn/index.html。博物馆免费开放，需要提前预约，然后领票入内，至少需提前一天预约，不能预约当日参观门票。预约电话：010-67027702，或者在官网预约http://www.bmnh.org.cn/Html/Article/20090414/682.html。,{}
世界公园,Beijing World Park,5265,76641,39.810361,116.287986,4A|游乐场|嗨玩乐园,汇集各国知名建筑的微缩版,0,0,4.4,4089,https://youimg1.c-ctrip.com/target/01041120008th36h8E733.jpg,95,95,57,0,3小时,"{'openStatus': '今日已闭园', 'openStatusType': 1, 'canSubscribed': False, 'hasSubscribed': False, 'playSpendTime': '3小时', 'openDateRuleInfo': [{'dateDesc': '全年', 'openWeekRuleInfo': [{'weekDesc': '09:00-17:00(最晚入园16:45)'}]}]}",集世界名胜于一体的北京世界公园，位于北京丰台区花乡大堡台，总面积46．7公顷，距市中心16公里，距北京西客站8公里，紧邻花乡森林公园。北京世界公园是由丰台区政府与花乡乡政府共同投资1．5亿元兴建的。公园1991年破土动工，经过建设者们18个月的共同努力奋战，高速度地建成了这座以“不出国门，周游世界”为建设意图的世界公园，并于1993年10月1日正式向游人开放。公园整体布局按照五大洲版图划分景区，以世界上40个国家的109处著名古迹名胜的微缩景点为主体，荟萃了世界上最著名的埃及金字塔、法国埃菲尔铁塔、巴黎圣母院、美国白宫、国会大厦、林肯纪念堂、澳大利亚悉尼歌剧院等建筑，以及意大利式、日本式花园等。公园内设东欧、西欧、北欧、北美、南美、非洲、大洋洲、西亚、东亚、南亚等17个景区，水系分布按照四大洋的形状连通全园。园内的雕塑、雕刻有近百件，自由女神、尿童、丹麦美人鱼、大卫、维纳斯、肖邦、莫扎特等人物，精雕细琢，栩栩如生。游客漫步北京世界公园，一座座按1：10比例微缩的建筑物会使您目不暇接，大饱眼福。这些仿照世界名胜而建的微缩建筑，设计精细，造型逼真，置身此地，您会感到仿佛真的在周游世界。能用一天的时间饱览世界所有最著名的名胜古迹，多少人的梦想今天在这里变为了现实。,"{'儿童': [['身高1.2米（含）以下必须在监护人陪同下入园，一名成人最多可带一名身高1.2米（含）以下的儿童入园。(监护人需购票入园)', '免费']], '老人': [['70周岁（含）以上凭本人身份证直接入园。(陪护人需购票入园)', '免费']], '学生': [['全日制（大、中、小）学生(不含成人教育进修学院、专修学院、研修学院、预科生、研究生、军事学院、外籍生等)持本人有效学生证件到售票处验证后购票入园，每个有效证件每日限购一张门票', '优惠票']], '残疾人': [['残疾人持本人残疾证直接入园（陪同人需购票入园）', '免费']], '现役军人、退休军人、退伍军人及现役消防官兵、在职医务工作者': [['现役军人、退休军人、退伍军人及现役消防官兵、在职医务工作者持本人有效证件到售票处验证后，享本人门票半价优惠，每个有效证件每日限购一张门票', '半价']]}"
水立方（国家游泳中心）,Water Cube (National Aquatics Center),52627,10559020,39.992954,116.390415,地标观景,新北京地标中的奥运场馆,0,0,4.5,1483,https://youimg1.c-ctrip.com/target/fd/tg/g1/M05/7A/74/CghzfVWwtD2AKrJiAAq29dgqJDw690.jpg,29,29,29,0,2小时,"{'openStatus': '暂停营业', 'openStatusType': 4, 'openTime': '4月8日恢复营业', 'canSubscribed': True, 'hasSubscribed': False, 'playSpendTime': '2小时', 'openDateRuleInfo': [{'dateDesc': '1月1日-9月14日', 'openWeekRuleInfo': [{'weekDesc': '09:00-19:00(最晚入园18:00)'}]}, {'dateDesc': '9月15日-9月30日', 'openWeekRuleInfo': [{'weekTime': '周一至周五', 'weekDesc': '12:00-18:00'}, {'weekTime': '周六至周日', 'weekDesc': '10:00-18:00'}]}]}",水立方（国家游泳中心）位于北京城区北侧，建筑非常奇特，外墙由3000多个不规则的气枕泡泡组成，远远望去像蓝色大海中的水分子。夜晚彩灯绚丽，更是拍夜景的好地方。参观进到水立方内部，阳光透进来，才发现构成外墙的泡泡不只一层，有好几层，仿佛进入了堆叠的泡泡内部，人鱼公主的童话世界。很多人看到泡泡都有戳一下的想法，水立方外墙由那么多气枕泡泡组成，却只有一个地方能满足游客想知道泡泡是硬还是软的想法，那就是位于二层东南角170平方米的“泡泡吧”，别的地方都是不能触摸构成泡泡的这种特殊膜结构的。在“泡泡吧”也请轻轻触摸它们，爱护水立方。游泳若想和清凉的水来个亲密接触，在一层的游泳馆和水立方嬉水乐园都能满足你。在奥运健将用过的泳池中游泳，也体验一把当体育明星的感觉。泳池的深水区不能随便去，边上工作人员一直来回走动看管很严，必须有深水证才行，进入水立方时可以向工作人员提出需要当场办理深水证，经过游泳200米和踩水30秒的考核后，另付20元深水证费用即可，记得还要带好1寸照片。游泳馆更衣柜是免费的。嬉水乐园水立方嬉水乐园内有深海龙卷风（大喇叭），翻江倒海（管状高速滑道），疯狂海啸（人工造浪）等游乐设施，是一个刺激的室内水上游乐园。水立方嬉水乐园更衣柜需另付租金及钥匙牌押金，乐园内消费刷钥匙牌不用现金，若有需要，可事先在服务台充值，余款离开还钥匙牌时会退的。无论是游泳馆还是水立方嬉水乐园都有空调，一年四季恒温，冬天也可以来玩。需要注意的是参观水立方和水立方嬉水乐园都没有时间限制，但是游泳有时间限制，每场2小时包括沐浴更衣（考深水证另加30分钟），超时要收费，超时30分钟以内收费20元，超时30至60分钟收费30元，超时60分钟以上收费40元。拍摄夜景晚上水立方会亮起主打色为蓝色的灯，不时变换色彩，与旁边鸟巢（国家体育场）的红色灯光相映，好像“冰火二重天”，可以来拍摄夜景，水立方差不多晚上21:30-10:00左右关灯，只看夜景不去内部参观的也别来太晚了。除了承办水上赛事，供游客参观、游泳，也有综艺节目在水立方拍摄，比如2013年电视上红极一时的《星跳水立方》。水立方有奥运相关、水立方自身相关的纪念品出售，水立方和鸟巢间的空地中海有卖长串风筝（很多小风筝连成一串），很别致，可以放风筝玩。景区内的水和食物是比较贵的。,"{'儿童': [['6周岁以下或身高在1.2米（含）以下儿童大门票免费，需持票成人陪同入场', '免费']], '老人': [['65周岁（含）以上老人凭本人有效证件免费入场', '免费'], ['60周岁（含）－64周岁（含）老年人凭本人有效身份证件或老年证', '半价']], '残疾人': [['凭本人有效残疾证', '免费']], '离休干部': [['凭本人有效证件', '免费']], '军人': [['现役中国军人（含武警）持本人《警官证》、《军官证》、《文职干部证》、《士兵证》', '半价']], '学生': [['中小学、普通高校在校学生凭本人学生证', '半价']], '消防救援人员': [['持本人《消防员证》、《消防干部证》', '半价']]}"
北京大学,Peking University,63021,87310,39.992799,116.310868,,皇家园林上建起的百年学府,0,0,4.7,1001,https://youimg1.c-ctrip.com/target/10050z000000no0st6081.jpg,0,0,0,0,1-2小时,"{'openStatus': '', 'openStatusType': 999, 'canSubscribed': False, 'hasSubscribed': False, 'playSpendTime': '1-2小时'}",北京大学创建于1898年，是中国的知名学府之一。校园历史悠久，有众多的古老建筑，底蕴十足，未名湖、博雅塔相互辉映，周围绿树成荫，环境非常优美。漫步在图书馆、百年讲堂等建筑间，便可感受百年学府浓厚的文化氛围。北大校园又名燕园，面积较大，长宽均大约1.5公里。校园的北侧是曾经燕京大学的旧址，也是园皇家园林的所在地，这里以未名湖为中心，周围分布着很多古老的建筑，布局十分优美古朴。而南边一侧则以北大校园的各种教学建筑为主，富有盛名的北大百年讲堂、光华楼等建筑也都在这边。游玩路线参考一般的游玩路线为从东南门步行进入，先在南侧观看建筑，然后前往北侧，观赏古老的建筑和园林湖泊风光，从西门离开。五四路、光华学院、北大百年讲堂进入东南门后向前步行，会来到北大的教学区，可以先找到五四路，沿着五四路向北游玩，路旁有光华学院、北大百年讲堂等比较有名的建筑，可以简单看看。未名湖、博雅塔、北大图书馆沿着五四路可以一直走到未名湖的东岸，这里是北大主要景观的集中地带，湖水边树影婆娑、建筑古色古香，环境非常优美。湖旁安静的博雅塔是北大的另一个标志，可以观赏拍照。未名湖、博雅塔还有南侧的北大图书馆也被学子们并称为“一塔湖图”。沿湖边漫步，还有蔡元培先生的雕像、斯诺墓等景点可以参观纪念。静园湖区靠西南侧是北大的静园区域，这一代也有很多古老的建筑，很为出名的是静园前的大草坪，这里是北大较大的草坪，也是师生们课余休闲时重要的活动场所，年轻人们经常来这里闲坐、弹弹吉他，场面安然又惬意。游玩未名湖和静园后，可以向西岸的西门方向步行游玩，在西门旁也有一些小园子，可以看到一些古色古香的老建筑，建筑中间的广场上还有燕京大学建校时从圆明园移来的华表，整个区域非常古朴安然，适合漫步放松，拍照片也很是漂亮。游玩西门区域后，便可以沿着西门离开校园，在出西门时注意观看一下这个校门，这里是北大标志性的校门，流传较广的北大校门形象就是这里，可以合影一张。,{}
黄花城水长城,Huanghuacheng Underwater Great Wall,62704,87193,40.41313,116.300743,文化古迹|4A|踏青必去,观赏长城戏水的景色,0,0,4.7,2981,https://youimg1.c-ctrip.com/target/0102d1200086o1vwnDDE7.jpg,58,30,30,30,3-4小时,"{'openStatus': '今日已闭园', 'openStatusType': 1, 'canSubscribed': False, 'hasSubscribed': False, 'playSpendTime': '3-4小时', 'openDateRuleInfo': [{'dateDesc': '5月1日-10月23日', 'openWeekRuleInfo': [{'weekTime': '周一至周五', 'weekDesc': '08:30-17:00'}, {'weekTime': '周六', 'weekDesc': '08:00-18:00'}, {'weekTime': '周日', 'weekDesc': '08:00-17:00'}]}, {'dateDesc': '10月24日-次年4月30日', 'openWeekRuleInfo': [{'weekTime': '周一至周五,周日', 'weekDesc': '08:30-16:30'}, {'weekTime': '周六', 'weekDesc': '08:30-17:00'}]}]}",水长城位于北京怀柔黄花城，这里曾因修建水库水位上升，淹没了一段长城而得名，因此也形成了“长城戏水”的独特景观。水长城所在的黄花城每到仲夏时节，便有大片的黄色野花绽开，是拍摄夏日花景的好地点。黄花城水长城的景色有三绝一定要看：“一绝”是建于明永乐年间的长城环绕在山脊上和湖边，景色秀美壮观；“二绝”是湖水将长城断开，形成长城戏水的奇特景观；“三绝”是明代板栗园，古树盘根错节，形态各异。来到水长城景区，要从景区的南侧门口进入，门外是一排商业街，可以购买食品、纪念品等，也可以在此用餐。进入景区大门口，首先映入眼帘的便是一道大坝，大坝夹在两山腰之间将水库拦腰截断，很有气势。沿着阶梯攀登大坝，在走上大坝之前会经过大坝下喷水瀑布的内侧，感觉像是走进了水帘洞。走上大坝，两侧的灏明湖尽收眼底，湖水盘踞在山凹之中，两侧的长城各有一段延伸至水中，十分奇特。走过大坝便是一条沿着湖畔上山的小路，小路上有悬桥、栈道等，首先会经过一条终年无光的黑色小溪，名为黑龙潭。然后路过明代守城官兵种植的板栗园，在此处可以看到古树参天，还可以找找是否有落地的成熟板栗可以发现。路上还会经过石浪谷、三珠连潭等众多景点，最后来到观赏水长城的正景。这里是一处码头，长城沿着山巍峨的延伸下来一直进入水中。在此处可以乘坐游艇进入水中，去观赏另外一边的水中长城，观赏湖光水色。,"{'老人': [['北京市60周岁（含）以上持有“北京通―养老助残卡”的京籍老年人和持有北京市有效居住证的常住外埠老年人、持有“北京通―民政优待卡”的人员、京籍见义勇为人员、持有“残疾人服务卡”的人员，凭有效证件', '免费'], ['非北京市60周岁（含）凭身份证', '半价']], '儿童': [['6周岁(含)以下或身高1.2米（含）以下', '免费'], ['6周岁(不含)至18周岁(含)', '半价']], '残疾人': [['残疾人凭残疾证', '免费']], '跟团导游': [['凭导游证', '免费']], '离休人员': [['凭离休证', '免费']], '军人': [['现役军人凭军官证，消防救援官兵', '半价']], '学生': [['全日制大中小学生（不含成人教育研究生）凭学生证', '半价']], '社会保障金': [['持社会保障金', '半价']]}"
中国地质博物馆,The China Geological Museum,62726,87211,39.923353,116.372273,博物馆|探秘展馆,观赏珍贵的史前生物化石,0,0,4.7,1091,https://youimg1.c-ctrip.com/target/0101i120008icj0wb9250.jpg,30,30,30,30,2-3小时,"{'openStatus': '今日已闭园', 'openStatusType': 1, 'canSubscribed': False, 'hasSubscribed': False, 'openTimeHolidayDesc': '中国法定节假日 09:00-16:30(最晚入园16:00)', 'playSpendTime': '2-3小时', 'openTimeDesc': '中国法定节假日 09:00-16:30（16:00停止入园）', 'openDateRuleInfo': [{'dateDesc': '全年', 'openWeekRuleInfo': [{'weekTime': '周二至周日', 'weekDesc': '09:00-16:30(最晚入园16:00)'}, {'weekTime': '周一', 'weekDesc': '不开放'}]}, {'dateDesc': '中国法定节假日', 'holidayOpenDesc': '09:00-16:30(最晚入园16:00)'}]}",中国地质博物馆始建于1916年，是我国建馆最早的公立自然科学博物馆，以历史悠久、典藏量大、珍品率高、陈列精美、科研成果丰硕成为亚洲较大的博物馆。馆内按照地球圈层结构布置了地球厅、矿物岩石厅、宝石厅、史前生物厅以及国土资源厅等5个基本陈列展厅。另有两个临时展厅，追踪地学热点问题，随时更新展览内容。博物馆馆藏标本20万件，展品包括蜚声海内外的巨型山东龙、中华龙鸟等恐龙系列化石，以及北京人、元谋人、山顶洞人等著名古人类化石，大量鱼类、鸟类、昆虫等珍贵史前生物化石。这里还有世界较大的“水晶王”、巨型萤石方解石晶簇标本，精美的蓝铜矿、辰砂、雄黄、雌黄、白钨矿、辉锑矿等中国特色矿物标本，以及种类繁多的宝石、玉石等一大批国宝级珍品。,{}
798艺术区,798 Art Zone,64948,87890,39.985037,116.494539,特色展馆,北京文艺青年的打卡胜地,0,0,4.5,1195,https://youimg1.c-ctrip.com/target/100g1f000001gqzfv7659.jpg,93,58,58,58,0.5-1天,"{'openStatus': '', 'openStatusType': 999, 'canSubscribed': False, 'hasSubscribed': False, 'playSpendTime': '0.5-1天', 'openTimeDesc': '艺术区全天开放'}",798艺术区位于朝阳区东北，是老厂房改造的创意园区。现在已是北京的新标志和文艺青年集中地，驻扎了很多画廊、展馆和独立艺术家，建筑也都新锐时尚，设计感十足，还有不少特色店铺，是年轻人感受文艺气息的妙处。游玩时间798艺术区的范围较大，大约长宽都在1公里左右，各个画廊和展览馆、艺术中心等分布在一座座改造的厂房内，沿路步行一一参观即可。798的展馆、艺术中心等营业时间大致在10:00-18:00左右，每周一基本都会闭馆，注意选好时间前来。观展在798逛街，主要便是感受这里的艺术气息，而观展就是主要的内容。在园内一直有很多艺术展览，这些展览大多免费（有时个别展览会进行收费），主要展示园内驻扎的艺术家们自己的作品，大多新锐有创意，可以一一参观过去。园内有名的展览区就是尤伦斯当代艺术中心，经常有精彩新奇的展览，一定要前去了解一下。文艺街道798园区内的街道也是不能忽略的看点，街上遍布着各种雕塑、涂鸦等，各有特色，还有一辆小火车头，都可以随意逛逛看看，在这里拍摄文艺的美照十分不错。商店和餐厅街上除了各个画廊和艺术中心外，还有不少的艺术品商店、咖啡馆和餐厅等，艺术品商店里售卖各种很有特色的小艺术品，如彩陶、布艺等，可以根据个人兴趣前去选购。这里的咖啡厅和餐厅环境都很文艺，餐厅内大多以西餐为主，不过价格都比其他地方贵一些。如果不想在这里用餐建议在游玩之前准备一些零食和饮用水。,{}
首都博物馆,Capital Museum,5159,76603,39.906472,116.342121,4A|博物馆,领略首都三千年的建城史,0,0,4.8,915,https://youimg1.c-ctrip.com/target/100m1f000001gzoylC02F.jpg,0,0,0,0,2-3小时,"{'openStatus': '今日已闭园', 'openStatusType': 1, 'canSubscribed': False, 'hasSubscribed': False, 'openTimeHolidayDesc': '中国法定节假日 09:00-17:00(最晚入园15:00)', 'playSpendTime': '2-3小时', 'openTimeDesc': '中国法定节假日 09:00-17:00（15:00停止入园）', 'openDateRuleInfo': [{'dateDesc': '全年', 'openWeekRuleInfo': [{'weekTime': '周二至周日', 'weekDesc': '09:00-17:00(最晚入园15:00)'}, {'weekTime': '周一', 'weekDesc': '不开放'}]}, {'dateDesc': '中国法定节假日', 'holidayOpenDesc': '09:00-17:00(最晚入园15:00)'}]}",首都博物馆共七层，主要分为基本陈列和专题陈列等展厅。游览时无须局限于个别几件文物，而是通过参观首博，了解到北京三千年古城、八百年都城的城市发展史，以及老北京的风土人情、生活习俗，这些是首博的亮点之处。基本陈列基本陈列是首都博物馆的核心陈列，包括《古都北京-历史文化篇》和《京城旧事-老北京民俗展》两部分。《古都北京-历史文化篇》位于博物馆方形展厅二层，使用文物和图片，展示了北京从一个北方边塞发展成王朝的都城，直至新中国首都的漫漫道路。《京城旧事-老北京民俗展》位于方形展厅的五层，该展览采用最具北京民俗特色的元素符号――胡同和四合院来反映展览的主题。通过展示胡同邻里的婚育、节庆等活动，表现清末民初老北京人的生活习俗和各种礼仪。专题陈列首都博物馆在不同的展厅还设有各种专题陈列，包括有：《古代玉器艺术精品展》、《燕地青铜艺术精品展》、《北京古代佛塔文物展》等等，这些展览陈列，是对北京文化展现的补充。各专题陈列的位置，在博物馆大厅指示牌中有详细的标明，也可以在官网查询：http://www.capitalmuseum.org.cn/zlxx/ztyscl.htm。数字放映厅位于圆形展厅一层的数字放映厅，目前每天都播放高清晰数字影片《辉煌的北京》（片长十几分钟），以简明清晰的手法演绎古都北京的辉煌，每天七场（9:30、10:30、11:30、13:10、14:10、15:10、16:10），也可参照官网：http://www.capitalmuseum.org.cn/zjsb/content/2006-01/23/content_59623.htm。首都博物馆建筑本身也非常有特色，?在建筑内部建有下沉式的竹林庭院，古朴的中式牌楼等景点小品。馆内还设有咖啡厅、餐厅、寄包处等服务设施。提前预约参观首都博物馆是免费的，但是需要事先预约，可以通过电话或者网络进行预约，个人预约电话：010-63393339，预约网址：http://www.capitalmuseum.org.cn/zjsb/pwfw.htm，每人每次预约不能超过五张，游客在博物馆北门领票（凭预约号或预约时使用的有效证件）参观。,{}
北京独角兽星空艺术馆,Beijing Dujiaoshou Xingkong Art Museum,5661341,73142157,39.915948,116.411999,特色展馆,场面庞大，灯光精美绝伦,0,0,4.1,382,https://youimg1.c-ctrip.com/target/100l1f000001gqf46971C.jpg,49.9,49.9,36,0,1-2小时,"{'openStatus': '开园中', 'openStatusType': 0, 'canSubscribed': False, 'hasSubscribed': False, 'playSpendTime': '1-2小时', 'openDateRuleInfo': [{'dateDesc': '全年', 'openWeekRuleInfo': [{'weekDesc': '10:00-22:00'}]}]}",北京独角兽星空艺术馆有近1000平大型光影，场面庞大恢弘，灯光精美绝伦，堪称一场视觉盛宴。,"{'学生': [['全日制大中小学生凭学生证使用', '优惠']], '老人': [['60周岁（含）以上凭老年证或身份证', '优惠']], '军人': [['凭军官证', '优惠']], '残疾人': [['凭残疾证', '优惠']], '儿童': [['1.2米（含）以下', '免费']]}"
故宫珍宝馆,The Antiquarium of The Palace Museum,145148,10521079,39.919635,116.399982,博物馆,乾隆慈禧曾居住在这,0,0,4.8,469,https://youimg1.c-ctrip.com/target/100f0b0000005z1rsE5D1.jpg,155,109,89,155,1小时,"{'openStatus': '今日已闭园', 'openStatusType': 1, 'canSubscribed': False, 'hasSubscribed': False, 'openTimeHolidayDesc': '清明节,劳动节,端午节,中秋节,国庆节 08:30-17:00，元旦节,春节 08:30-16:30(最晚入园15:40)', 'playSpendTime': '1小时', 'openTimeDesc': '清明节,劳动节,端午节,中秋节,国庆节 08:30-17:00，元旦节,春节 08:30-16:30（15:40停止入园）', 'openDateRuleInfo': [{'dateDesc': '4月1日-10月31日', 'openWeekRuleInfo': [{'weekTime': '周二至周日', 'weekDesc': '08:30-17:00(最晚入园16:10)'}, {'weekTime': '周一', 'weekDesc': '不开放'}]}, {'dateDesc': '11月1日-次年3月31日', 'openWeekRuleInfo': [{'weekTime': '周二至周日', 'weekDesc': '08:30-16:30(最晚入园15:40)'}, {'weekTime': '周一', 'weekDesc': '不开放'}]}, {'dateDesc': '清明节,劳动节,端午节,中秋节,国庆节', 'holidayOpenDesc': '08:30-17:00'}, {'dateDesc': '元旦节,春节', 'holidayOpenDesc': '08:30-16:30(最晚入园15:40)'}]}",养性殿、乐寿堂和颐和轩依次排列在宁寿宫以北，乾隆帝做太上皇以后主要居住在这里，慈禧六十大寿后也曾在这里居住。三殿中以乐寿堂较为华美。堂内装修多用楠木包以紫檀、花梨等贵重木材，并用玉石、珐琅装饰，显得雍容华贵。室内北厅中央摆放着大禹治水图玉山，这是故宫所藏巨大的一座玉雕。堂外走廊墙壁上镶嵌着“敬胜斋法帖”刻石，都是乾隆皇帝临写法书名帖与经典语录的墨迹。目前这三座宫殿被辟为了故宫珍宝馆，馆藏珍宝尤其丰富，涵盖佛教用品、饰品、日用器具和赏玩珍品等，这些珍宝大都选用金、银、玉、翠、珍珠及各种宝石等名贵材质，并征调各地有名匠师设计制造。竭尽巧思，不惜工本，其工艺代表了当时的高水平。其中高14厘米的红珊瑚狮子、17.5厘米高的金“奉天之宝”玺等，都是难得一见的珍品。,{}
北京大观园,Grand View Garden,238,75604,39.871564,116.355955,3A|园林花园|踏青必去,87版《红楼梦》取景地,0,0,4.6,1946,https://youimg1.c-ctrip.com/target/100e1f000001gt103FEE1.jpg,40,40,20,0,2.5-3小时,"{'openStatus': '今日已闭园', 'openStatusType': 1, 'canSubscribed': False, 'hasSubscribed': False, 'playSpendTime': '2.5-3小时', 'openDateRuleInfo': [{'dateDesc': '4月1日-10月20日', 'openWeekRuleInfo': [{'weekDesc': '07:30-18:00(最晚入园17:30)'}]}, {'dateDesc': '10月21日-次年3月31日', 'openWeekRuleInfo': [{'weekDesc': '07:30-17:00(最晚入园16:30)'}]}]}",大观园位于北京二环内西南角，是一处仿造经典名著《红楼梦》中的描述而建设的园林，也是87央视版《红楼梦》电视剧的取景地。游客来此可以寻找剧中场景、了解红楼文化，还可以欣赏园中的优美风景。大观园的面积不大，长宽都在300米左右，在园内逛逛大约2-3个小时就可以了。园中的布景非常雅致，有江南大户庭院的风范，亭台楼榭、小桥流水，行走其中使人心旷神怡，游客还可以付费穿着古装拍照，十分有趣。在园内很多建筑中，有红楼人物的蜡像，模仿出他们的生活场景；还有一处文楼文化艺术展，可以系统的了解红楼梦的文化。除了参观景色和了解文化外，大观园每年也有很多活动，每年正月初一到初五的红楼庙会非常盛大，每天将上演元妃省亲、宝黛成亲、贾母贺寿等众多主题节目，还有糖人、脸谱等民间艺术亮相，非常热闹。另外，夏季（5-10月）夜晚的晚间活动会有红楼文化艺术表演、皮影表演、大型音乐喷泉表演、激光水幕电影《梦幻红楼》等，也很值得体验。,"{'儿童': [['身高：1.2米（含）以下的；年龄：6周岁（含）以下入园\t\t\n', '免费']], '军人': [['现役、伤残军人及军队退休人员凭有效证件入园', '免费']], '离休人员及残疾人': [['离休人员凭离休证，残疾人凭残疾人证入园', '免费']], '老人': [['60周岁（含）以上老年人凭老年优待卡或其他有效证件入园', '免费']], '优待人群': [['6周岁（不含）-18周岁（含）未成年人、全日制大学本科及以下学历凭有效学生证（不含成人教育）入园', '半价优惠']]}"
国子监,Guozijian,5154,76600,39.946774,116.413269,,明清两代的国家教育部门,0,0,4.7,567,https://youimg1.c-ctrip.com/target/10050b0000005dawgF487.jpg,118,88,95.5,118,1-2小时,"{'openStatus': '', 'openStatusType': 999, 'canSubscribed': False, 'hasSubscribed': False, 'playSpendTime': '1-2小时', 'openTimeDesc': '8:30-16:30，15:30停止入场，周一闭馆'}",国子监是我国明、清两代国家管理教育的高衙门（类似如今的教育部）和国家设立的的高学府，也称“太学”。目前国子监与隔壁的孔庙统一售票，游客购票后进入孔庙，在碑亭旁的“持敬门”进入国子监游玩。国子监采用了中国传统的“坐北朝南，中轴对称”的建筑格局，中轴线上分布着集贤门（大门）、太学门（二门）、琉璃牌坊、辟雍大殿、彝伦堂、敬一亭等主要建筑。其中辟雍大殿整个国子监的中心建筑。辟雍大殿：皇帝讲学之处辟雍大殿这一个十分独特的建筑，是一座建于圆形水池中央的方型殿宇。这种建筑形制有这很深的含义：辟雍外环绕的圆形水池，环水为雍（意为圆满无缺），圆形像辟（辟即璧，皇帝专用的玉制礼器），象征这王道教化的圆满不绝。其它主要建筑：辟雍大殿以北是彝伦堂，早年曾是皇帝讲学之处，兴建辟雍大殿后，这里改为了国子监的藏书处。彝伦堂的北边是敬一亭，建于明嘉靖七年（公元1528年），是国子监官员办公的地方。国子监的琉璃牌坊，是北京的一座不属于寺院的琉璃牌坊，牌坊正反两面的横额上，都是乾隆皇帝的御笔题字，由此可见古代中国的崇文重教。在国子监内设有“中国古代科举展”和“国子监原状陈列展”等常年展览，对科举制度感兴趣的游客可以去参观。相比较北京一些景点的熙熙攘攘，国子监内古树林立，游客也不是很多，环境非常清净。国子监周边的胡同区也很不错，绿树成荫，四合院灰墙青砖，沿街有许多的茶艺馆，文房四宝，佛物商店等。,{}
孔庙和国子监博物馆,Confucius Temple and The Imperial College Museum,1485193,15151613,39.946793,116.413206,4A|博物馆,元明清三朝学子们的圣地,0,0,4.7,783,https://youimg1.c-ctrip.com/target/100w1a00000196hhl54A7.jpg,118,88,95.5,118,3-4小时,"{'openStatus': '今日已闭园', 'openStatusType': 1, 'canSubscribed': False, 'hasSubscribed': False, 'openTimeHolidayDesc': '中国法定节假日 08:30-17:00(停止售票16:30)', 'openTimeTips': '春节期间的营业时间按景区公布为准', 'playSpendTime': '3-4小时', 'openTimeDesc': '中国法定节假日 08:30-17:00（16:30停止售票）；春节期间的营业时间按景区公布为准', 'openDateRuleInfo': [{'dateDesc': '全年', 'openWeekRuleInfo': [{'weekTime': '周一', 'weekDesc': '不开放'}]}, {'dateDesc': '5月1日-10月31日', 'openWeekRuleInfo': [{'weekTime': '周二至周日', 'weekDesc': '08:30-18:00(停止售票17:00)'}]}, {'dateDesc': '11月1日-次年4月30日', 'openWeekRuleInfo': [{'weekTime': '周二至周日', 'weekDesc': '08:30-17:00(停止售票16:30)'}]}, {'dateDesc': '中国法定节假日', 'holidayOpenDesc': '08:30-17:00(停止售票16:30)'}]}",孔庙和国子监博物馆是由北京市内的古建筑孔庙和国子监共同组成，两者本就紧紧相邻，而且主题比较相近，如今作为同一个景区对外开放。售票处在孔庙大门边，购票后进入孔庙，在碑亭旁的“持敬门”进入国子监游玩。孔庙始建于元朝，是元明清三朝祭祀孔子的地方。建筑规模很大，在孔庙内游览参观的时间大约1-2小时即可。游玩孔庙主要有三个关注点，游玩时一定要注意。第一是庙内有北京少有的元代风格古建筑，非常独特。第二是院内众多的石碑，其中有袁崇焕、林则徐、李鸿章等人的题字、元朝到清末的五万多名进士的名册的题名碑、刻满儒家十三经的碑林等，内容丰富，十分珍贵。第三便是崇圣祠院内每天会进行几次的传统礼乐舞蹈《大成礼乐》表演，表现了古代传统文化艺术，非常精彩。另外，院内古色古香，有很多参天的古树，还有关于祭奠孔子的牌位、文物展览等，都可以一一参观。国子监是明清时期的全国学府，也是过去皇帝亲自讲课的地方。同孔庙内一样，这里的建筑也是古色古香，院内古树参天，显得古朴漂亮，适合参观拍照，一般游览约1个小时即可。国子监游玩时，可以注意一下院内的建筑。集贤门、太学门、琉璃牌坊等建筑十分具有特色，尤其是琉璃牌坊色彩艳丽，是国子监的标志性景物。辟雍大殿是国子监内的主体，这座建筑外侧环绕圆形水池，中间殿宇则为方形，十分特别。旁边的彝伦堂就是古代皇帝讲课的地方，也可以好好参观一下。在国子监内还设有“中国古代科举展”和“国子监原状陈列展”等常年展览，对科举制度感兴趣的游客可以去参观。,"{'老人': [['全国60岁以上（含60岁）老人请凭本人有效身份证件免票参观', '免费']], '离休干部': [['持老干部离休证免票；', '免费']], '学生': [['全国中小学生、18周岁以下（不含18周岁）未成年人请凭本人有效证件免票参观。', '免费'], ['全国全日制大学本科、专科学生凭本人有效学生证票价。', '半价']], '现役士兵': [['现役士兵凭有效证件免票；', '免费']], '残疾人': [['残疾人凭残疾人证件免票；', '免费']]}"
八达岭野生动物世界,Badaling Wildlife World,107837,90975,40.353828,115.994738,萌萌动物|动物园,近距离观赏野生动物,0,0,4.2,4362,https://youimg1.c-ctrip.com/target/100e1f000001gt1p9F58F.jpg,85,45,45,45,3-4小时,"{'openStatus': '今日已闭园', 'openStatusType': 1, 'canSubscribed': False, 'hasSubscribed': False, 'playSpendTime': '3-4小时', 'openDateRuleInfo': [{'dateDesc': '3月15日-10月20日', 'openWeekRuleInfo': [{'weekDesc': '08:00-17:00'}]}, {'dateDesc': '10月21日-次年3月14日', 'openWeekRuleInfo': [{'weekDesc': '08:30-16:30'}]}]}",八达岭野生动物世界紧邻八达岭长城景区，是北京有名的动物园之一。园内有上百种共数万只动物，是带着小朋友看动物的好地方。动物园内全程都可以开车自驾游览，方便近距离观察和喂养动物。园区概览八达岭野生动物世界的正门位于北侧，南侧尽头处是一座方舟广场，广场区域有动物表演区、观赏区等，还有一座寺院。从北侧的正门通向南侧广场共有两条路，一条途径猛兽（食肉动物为主）区，另一条路上是温顺动物（食草动物为主）区，两个区域的动物都是散养，游客可以近距离观察动物，在温顺动物区还可以打开车窗喂食。游览路线园内的游览路线为先观看猛兽区，从此路到达广场，游玩广场附近的动物表演区和观赏区等，然后从温顺动物区返回，一路参观和喂养温顺动物。动物园可以开车自驾进入，十分方便，但自驾需要收取一定费用。如果是非自驾游客则需乘坐园内公共交通，猛兽区的路上有大巴观赏车可以乘坐，也可以乘坐比较开放的铁笼喂养车。到达广场游玩后可以步行从温顺动物区返回，也可以乘坐电瓶车返回。猛兽区猛兽区是游客进入动物园先游玩的地带，这里有白虎园、野狼谷、野猪林、狮虎园、马来熊园等园区，每个园区之间有铁门阻隔，以防止动物走混，当车辆到门前时铁门会自动打开。开车或乘坐园内交通经过这里时可以沿途观看这些动物，若乘坐动物园的铁笼喂养车还可以喂食动物。需要注意的是，若自驾经过这个区域务必要将车窗关闭，车门加锁（有些动物会自己开车门），以防止意外发生。方舟广场方舟广场是以演艺娱乐为主。广场上有一个动物表演场，每到周末和节假日时这里会有动物表演，可以看到熊骑自行车、大象舞蹈等，非常适合带小朋友前来观看。广场东边还有几个动物观赏区，这里的动物都是养在笼子中的，可以进行喂食。有些园区内可以抱抱动物宝宝，还可以和小动物合影。在广场背后的山上，还有一座小的佛教寺院，有兴趣的可以前往参观朝拜。温顺动物区返回途中要经过的是温顺动物区，这里以食草动物为主，有梅花鹿、斑马、羊驼、骆驼等，可以下车喂养，好多动物会跑来要吃的，十分有趣。路上会经过一座湖泊，可以观赏白鹭、天鹅等动物。另外，还有孔雀园、猴山、熊猫馆等可以进入参观，其中个别的观赏园和喂养园可能会另外收取费用。,"{'儿童': [['身高1.2米（不含）以下', '免费'], ['身高1.2米（含）-1.5米（含）', '半价']], '学生': [['全日制大中小学生（不含成人教育、研究生）凭学生证使用', '半价']], '老人': [['60周岁（含）以上凭身份证或老人证', '半价']], '残疾人': [['凭残疾证需提前一天进行电话预约（预约电话：010-69122591，工作时间：8:00-16:30），经现场核验有效证件后入园游览。', '免费']]}"
人民大会堂,The Great Hall of the People,66130,88194,39.90502,116.393846,地标观景,,0,0,4.7,461,https://youimg1.c-ctrip.com/target/100p1f000001gpgnaB249.jpg,0,0,0,0,1-2小时,"{'openStatus': '', 'openStatusType': 999, 'canSubscribed': False, 'hasSubscribed': False, 'playSpendTime': '1-2小时', 'openTimeDesc': '遇重大外事活动会关闭，具体开放时间以现场公示为准。'}",大会堂的外观就十分壮观，建筑平面呈“山”字形，四面开门。在建筑周围，围绕着一百多根高大的圆形廊柱高大恢弘，很多国人都对这里圆柱并列的样子有印象。购票进入人民大会堂内部后，就可以参观开放的各个厅堂，这里有电视上常见的人民代表大会开会场所，还有外宾会谈场所等，金色大厅和万人大礼堂比较有名，尤其是万人大礼堂，红五星和众多亮灯组成的璀璨天顶几乎每一个国人都不会陌生。,{}
潭柘寺,Tanzhe Temple,5161,76604,39.904911,116.031232,4A|文化古迹,千年古刹、珍稀古木,0,0,4.7,1044,https://youimg1.c-ctrip.com/target/100b1f000001gsoq40D7B.jpg,50,25,25,0,3-4小时,"{'openStatus': '今日已闭园', 'openStatusType': 1, 'canSubscribed': False, 'hasSubscribed': False, 'playSpendTime': '3-4小时', 'openDateRuleInfo': [{'dateDesc': '全年', 'openWeekRuleInfo': [{'weekDesc': '08:30-16:30'}]}]}",潭柘寺始建于1700多年前，历史非常悠久。曾经规模较大，传说明故宫便是仿造这里建造，北京有“先有潭柘寺，后有北京城”的谚语。寺院受重视，香火很旺。而且群山环抱、古树参天、建筑古老精美，风景非常不错。潭柘寺现在的面积不大，寺院区的长宽大约都在300米左右，分布着寺院的主要建筑和多棵参天古树，在此步行参观大约2小时左右。除此之外，还有寺院后山的龙潭和寺外前方的上下两座塔林。全部走马观花参观下来大约3个小时左右，若要仔细了解观察或是摄影的话可能需要更久。欣赏古朴的塔林风光潭柘寺的正门位于南侧，在南侧寺外约300米处是上下两座塔林，这两座塔林常常被直接进寺参观的游客忽略，但塔林处风光也十分不错，不妨在进寺前参观一下。塔林是寺内圆寂的大师存放舍利的骨灰塔组成的，潭柘寺的塔林以灰白两色为主，处在僻静的树林之间，在此散步参观十分安静，感觉古朴安然，也可以拍出非常不错的照片。参观传统寺庙建筑参观塔林之后便可从山门入寺，寺内的中轴线上分布着山门、天 王殿、大雄宝殿、毗卢阁等建筑，左右两侧有梨树院、行宫院等，都可以步行一一参观。寺内的建筑风格统一，大多有鲜艳光彩的彩绘，而且布局十分精致，其中不乏当年历代皇帝来此居住的行宫，所以十分精美。除了建筑外，院落里还有很多参天的古树，树木参天蔽日，更是给人古老幽静的感觉，拍照摄影也十分不错。春天看玉兰，秋日赏杏在大雄宝殿后侧的帝王树是一颗上千年的古老银杏，规模非常壮观，传说这棵树的每一个分叉都是在每一代清朝的皇帝登基时生长出来的，十分有趣，可以着重参观一下。帝王树再向北则有一颗二乔玉兰树，也是一颗古木，特别之处在于这棵树是北京的双色玉兰花树，每到春天花开时满树的玉兰非常漂亮。摸一摸石鱼，祈福平安寺内西北侧的石鱼也是游客来此一观的有名景点，据传说只要摸一下这条石鱼便可以祛病祈福，并且十分灵验，现在摸石鱼需要付5元的香火钱，感兴趣的可以去体验一下。除了这几个景点外，寺内的“曲水流觞”雕刻、大铜锅、老虎洞、观音洞等也都十分有名，而且各自有很有意思的历史和传说，都可以好好了解一下。潭柘寺的东北侧有一条上山的石阶路，是通往寺后的龙潭，潭柘寺中的“潭”便是指后山的龙潭，去龙潭大概需要走约1公里多的石阶路上山，大约半小时左右可以到达。不过龙潭较小，不算很有特色，所以游客很少前往。除了观赏众多的古树和寺院建筑外，潭柘寺周围的自然风光也是非常不错的。整个寺院被几座小山环抱，周围的山上树木茂密。每到秋天，山上的红叶遍野，不亚于香山等地，是北京地区观赏红叶十分不错的地方。,"{'儿童': [['1.2米(含)以下', '免费']], '残疾人': [['凭有效证件', '免费']], '现役军人': [['凭有效证件', '免费']], '现职消防人员': [['凭有效证件', '免费']], '老人': [['持有本人“北京通-养老助残卡”的60岁(含)以上；离休人员凭有效证件', '免费'], ['外埠没有“北京通-养老助残卡”的60岁(含)以上', '半价']], '学生': [['持有效的全日制大、中、小学生证件（不含研究生及成人教育）', '半价']]}"
德云社剧场,Deyun Crosstalk Theater,139631,10759051,39.883918,116.397901,相声曲艺,纵观古都市井文化,0,0,4.6,151,https://youimg1.c-ctrip.com/target/0104r120009heerwjC45C.jpg,0,0,0,0,1-2小时,"{'openStatus': '', 'openStatusType': 999, 'canSubscribed': False, 'hasSubscribed': False, 'playSpendTime': '1-2小时', 'openTimeDesc': '晚场：周二-周日19:15-22:00，下午场：周六、周日14:00-17:00；周一不对外开放。\n具体开放时间以现场公示为准。'}",时至今日，国人已无人不知郭德纲，无人不知德云社，来北京，不听段郭式相声，未免遗憾。德云社由相声演员郭德纲先生于1995年创建，其宗旨为“让相声回归剧场”，做“真正的相声”。2011年7月3日，德云社在北展剧场开辟新形式，用话剧和相声混搭方式，为观众演绎从清朝、到新中国成立后各种风格的相声。郭德纲1973年生于天津，自幼酷爱民间艺术，8岁投身艺坛，先拜评书前辈高庆海学习评书，后曾跟随相声名家常宝丰学相声，受到许多相声名家的指点、传授。其间又潜心学习了京剧、评剧、河北梆子等剧种，辗转于梨园，工文丑、工铜锤，对丰富自己的相声表演起了十分重要的作用。通过对多种艺术形式的借鉴，形成了自己的风格。“酒旗戏鼓天桥市，多少游人不忆家”是对北京老天桥的真实写照，现今的“北京德云社剧场”也能让你重新感受到古都的市井文化，赏尽民间传统艺术。,{}
红螺寺,Hongluo Temple,5162,76605,40.38321,116.627724,4A|文化古迹,祈福胜地，也是赏秋好地方,0,0,4.8,2197,https://youimg1.c-ctrip.com/target/0101q1200092bpwsxF3F9.jpg,54,27,27,54,3-4小时,"{'openStatus': '今日已闭园', 'openStatusType': 1, 'canSubscribed': False, 'hasSubscribed': False, 'openTimeTips': '因天气或季节等影响，时间会有变动', 'playSpendTime': '3-4小时', 'openTimeDesc': '因天气或季节等影响，时间会有变动', 'openDateRuleInfo': [{'dateDesc': '全年', 'openWeekRuleInfo': [{'weekDesc': '08:30-17:00(最晚入园16:00)'}]}]}",红螺寺建于东晋年间，是我国北方的佛教园林，世有“南有普陀，北有红螺”的说法，自古便是北京地区拜佛祈福的圣地。寺内古树参天， “春看花、夏避暑、秋观红叶、冬赏岁寒三友”是红螺寺的特点。红螺寺分为两部分，一为大殿附近的红螺寺主寺区和五百罗汉林，另一片是山顶的观音庙，传说观音庙求 子极为灵验。整个寺内都有香火可供拜佛，香火钱并无要求，全看游客随缘。主寺区和五百罗汉林并不大，周长几百米，步行游览一圈一小时即可。游览主寺区除了拜佛外，主要是欣赏红螺寺内的大量植物，其中有三景“御竹林”、“雌雄银杏”、“紫藤寄松”被称为红螺寺三绝景。御竹林御竹林在山门之前，现有竹子上百万棵，竹林已经种植了600多年，康熙皇帝曾专门下令维护，长势茂盛十分壮观。紫藤寄松紫藤寄松在大雄宝殿后面的院落里，两颗碗口粗的藤萝树爬满了一棵平顶松树的枝头。每年5月初，满架的藤萝花就象一串串的紫玛瑙坠满整个枝头，构成一只花伞，非常漂亮。雌雄银杏雌雄银杏是指大雄宝殿前的两棵古银杏树，东边为雌树，只结果不开花，西边为雄树，只开花不结果。两棵树都高大粗壮，树龄超过千年。其中稍大的雄树高30多米，整个树的围度达到7米之多，十分壮观。神奇的是，它从根部长出了十个笔直笔直向上发展的枝干，形状奇特。而每到秋天，金黄色银杏叶把大雄宝殿衬托得辉煌壮观，惹人驻足留连。游览完寺院后可以沿着山上小路向后山爬去，约有一千多级台阶，一般两个多小时可以到达山顶的观音庙。路上每走一段路便有样貌不同的观音菩萨像出现在眼前，非常有趣。山顶的观音庙据说求 子很灵，有很多人来此参拜。在山顶回望山下，远处山峦叠起，城镇等映入眼帘，十分开阔。如果体力不够，也可以乘坐景区的滑道上下山，滑道约800米，直达山顶的观音庙。,{}
居庸关长城,The Great Wall at Juyong Pass,5316,76681,40.291432,116.071722,赏花胜地|4A|文化古迹,仰望天下第一雄关匾额,0,0,4.8,1832,https://youimg1.c-ctrip.com/target/0102a120004fhqcagB7E5.jpg,40,40,20,40,0.5-1天,"{'openStatus': '今日已闭园', 'openStatusType': 1, 'canSubscribed': False, 'hasSubscribed': False, 'playSpendTime': '0.5-1天', 'openDateRuleInfo': [{'dateDesc': '全年', 'openWeekRuleInfo': [{'weekDesc': '08:30-16:30(最晚入园16:00)'}]}]}",居庸关是长城沿线上的著名关城，被称为长城三大关城之一，沿山而建十分险峻，在居庸关城楼上挂有“天下第一雄关”的匾额，是游人合影的胜地。而且这里山色秀丽，树木层层叠叠，“居庸叠翠”也是京城周围的著名风景。到居庸关游玩大多人的重点在于爬长城，并到山顶赏景。景区内需要步行，爬到最高处的烽火台大约需要三个小时，需要一定体力，游玩之前要做好心理准备。仰望“天下第一雄关”到景区首先要来到山下的居庸关景区广场，这里有一座石门，名叫云台，是一座白石结构的藏传佛教建筑珍品。云台的内部通道两壁上雕琢有菩萨像，漂亮独特。沿石门向前即可到达关城门口，在此处便可看到高高在上的“天下第一雄关”匾额，可以与之合影。欣赏雄伟城楼关城门口处购票后进入景区，景区内有关帝庙、叠翠书院、表忠祠、丰裕仓等多个人文景点，供奉着古代的名人也记载着居庸关的历史，旁边还有一座小湖，可以一一参观拜访。同时，置身于景区南北关城楼下，可以欣赏到高大雄伟的城楼，与城楼相连的长城在山坡上呈“人”字形，非常特别。景区内的客栈和饭店也在此处。攀爬长城参观完城楼后即可开始攀爬长城的旅程，爬到最上面的烽火台一般需要两三个小时，是对体力的挑战。但登上山顶后即可看到著名的京城八景之一“居庸叠翠”，远处翠山连绵，山峦叠张，视野开阔令人心胸舒畅。路上会有公厕和一家售卖零食饮水的小店，但是价格高于外面，如果体力足够可以自备一些零食饮水，推荐带巧克力、葡萄干等高热量的食物补充体力。这一段的长城比较陡峭，台阶陡处有40厘米，缓处也有20-30厘米，而且因为长时间的踩踏个别地方有磨损不平，所以要格外小心脚下。爬完长城后可以选择原路返回，也可以从长城的另一个方向下山回到景区广场处。,"{'未成年人': [['18周岁(含)以下，凭有效证件', '免费']], '现役军人、消防员': [['凭有效证件（军人保障卡不作为有效证件）', '免费']], '离休人员': [['须出示有效证明、证件和身份证', '免费']], '残疾人': [['残疾人员或军人残疾证凭有效证件', '免费']], '老人': [['60周岁（含）以上老人持有效证件', '免费']], '北京通―养老助残卡人员': [['须出示正式卡和身份证', '免费']], '学生': [['19周岁(含)-25周岁(含)全日制大学本科及以下学历学生（不含成教），凭有效证件', '优惠']], '社会保障人士': [['须出示有效证明、证件和身份证', '优惠']], '港澳台青少年': [['须出示《港澳居民来往内地通行证》、《台湾居民来往大陆通行证》或学生证等有效证明、证件和身份证', '优惠']]}"
北京杜莎夫人蜡像馆,Madame Tussauds Beijing,1409606,13095614,39.897315,116.398288,蜡像馆,与奥巴马等名人亲密合影,0,0,4.7,3133,https://youimg1.c-ctrip.com/target/0101112000ao3wzob8C37.jpg,159.05735,89.56493078,109.3473962,89.56493078,2-3小时,"{'openStatus': '今日已闭园', 'openStatusType': 1, 'canSubscribed': False, 'hasSubscribed': False, 'playSpendTime': '2-3小时', 'openDateRuleInfo': [{'dateDesc': '全年', 'openWeekRuleInfo': [{'weekDesc': '10:00-21:00(最晚入园20:00)'}]}]}",北京杜莎夫人蜡像馆位于前门大街，是蜡像馆品牌之一-杜莎夫人在北京的分馆，这里展示了众多造型极其逼真的蜡像，游客来此，可以和国内外众多名人大咖合影。北京杜莎夫人蜡像馆一共设有8个展区，迈克尔・杰克逊、奥巴马、普京、冯小刚、成龙、周杰伦等等历史上和现代的众多国内外名人都可以看到。北京馆内还有一处独有的“中国精神”展区，郎平、崔健等各行业的名人都可以看到，是游客们合影参观的重点。,"{'儿童': [['90cm（不含）以下（一位成人最多可携带2名90cm（不含）以下的免费儿童）', '免费'], ['90cm（含）-1.4m（不含）', '优惠']], '老人': [['65周岁（含）以上凭老年证或身份证', '优惠']], '学生': [['全日制在读学生（包括研究生、博士生等）凭学生证', '优惠']], '残疾人': [['残疾人及其一名陪护人员持残疾证', '优惠']]}"
八大处公园,Badachu Park,5305,76670,39.962222,116.182754,赏花胜地|4A|文化古迹,三山八刹十二景|京郊祈福赏秋的胜地,0,0,4.7,2227,https://youimg1.c-ctrip.com/target/100b1f000001gsltw7A06.jpg,10,5,5,5,2-6小时,"{'openStatus': '今日已闭园', 'openStatusType': 1, 'canSubscribed': False, 'hasSubscribed': False, 'playSpendTime': '2-6小时', 'openDateRuleInfo': [{'dateDesc': '1月1日-3月15日', 'openWeekRuleInfo': [{'weekDesc': '06:00-17:30'}]}, {'dateDesc': '3月16日-8月31日', 'openWeekRuleInfo': [{'weekDesc': '06:00-18:30'}]}, {'dateDesc': '9月1日-11月15日', 'openWeekRuleInfo': [{'weekDesc': '06:00-18:00'}]}, {'dateDesc': '11月16日-12月31日', 'openWeekRuleInfo': [{'weekDesc': '06:00-17:30'}]}]}",八大处公园位于西山森林公园旁边，八大处是指园内的八处佛教寺庙，历史悠久香火旺盛，自古以来就是京郊拜佛祈福的名地。山上还有很多银杏、枫树等，每到秋天红黄的树叶十分漂亮；当春之日（3-4月），虎头峰下万杏齐发，恰如瑞雪纷飞。来此散步观景、登山拜佛都很不错。游玩时间和路线参考八大处公园内山不算高，均有台阶路，从景区门口一直爬到山顶约需步行四五公里左右，适合爬山锻炼。若专门爬山需要2-3小时，若一路拜佛观景则需要4-6小时甚至更久，一般从北京市区前来游玩都要准备一个整天。如果体力较差或者有老人小孩等同行，也可以选择景区内的索道和滑道，尤其是滑道从山顶而下，十分有感觉，特别适合带小朋友体验。八大处看点公园内的八大处分别是指一处长安寺、二处灵光寺、三处三山庵、四处大悲寺、五处龙泉庵、六处香界寺、七处宝珠洞和八处证果寺，其中除一处长安寺现在还封闭外其余七处都对游客开放。二处灵光寺建于唐朝，寺内供奉着一颗佛牙舍利，此舍利在全世界仅存两颗，所以在佛教寺庙中非常有名，传说也十分灵验，所以灵光寺也是八大处公园内拜佛祈福较为集中的地方。四处到七处的寺庙都以景色为主，其中六处还是当年皇帝的行宫，所以布景如园林一样，十分精美，周围的山色也都很漂亮，所以在游览时是以观景为主。四处有郁郁葱葱的古银杏树，五处有清澈灵秀的龙泉，六处的建筑气势又精致，七处则是观看京城全景和日出的好地方。“第九处”：摩崖谷除了八大处之外，近期发现的摩崖谷被称为“第九处”，谷里的石崖上有多处明代时雕刻的佛像和菩萨像，几百年来一直藏于山中，可以前去观看。另外还有冰川漂砾等景点，走过时可以简单看看。除众多景点外，光是来此观看山色、登山锻炼，也都是不错的选择。,"{'免票人员': [['1.离休人员、现役及退休军人、60岁以上老人（持北京通――养老助残卡）、残疾人（含残疾军人）凭证件免票；1.2米以下儿童免票', '免费']], '优惠人群': [['1.大、中、小学生（不含成人教育及研究生）凭有效学生证购买优惠票。\n\n2.外埠60岁以上老人凭优待证；持社会保障金领取证的游客凭证购买优惠票。', '']]}"
红砖美术馆,Red Brick Art Museum,1485830,15415592,40.04221,116.500391,特色展馆,美术爱好者不容错过,0,0,4.3,329,https://youimg1.c-ctrip.com/target/1002180000014syokBEB5.jpg,120,100,100,120,1-2小时,"{'openStatus': '今日已闭园', 'openStatusType': 1, 'canSubscribed': False, 'hasSubscribed': False, 'openTimeHolidayDesc': '元旦节,春节,国庆节 10:00-17:30，劳动节,端午节,中秋节 10:00-18:00', 'playSpendTime': '1-2小时', 'openTimeDesc': '元旦节,春节,国庆节 10:00-17:30，劳动节,端午节,中秋节 10:00-18:00', 'openDateRuleInfo': [{'dateDesc': '全年', 'openWeekRuleInfo': [{'weekTime': '周一', 'weekDesc': '不开放'}]}, {'dateDesc': '5月1日-9月30日', 'openWeekRuleInfo': [{'weekTime': '周二至周日', 'weekDesc': '10:00-18:00(最晚入园17:30)'}]}, {'dateDesc': '10月1日-次年4月30日', 'openWeekRuleInfo': [{'weekTime': '周二至周日', 'weekDesc': '10:00-17:30(最晚入园17:00)'}]}, {'dateDesc': '元旦节,春节,国庆节', 'holidayOpenDesc': '10:00-17:30'}, {'dateDesc': '劳动节,端午节,中秋节', 'holidayOpenDesc': '10:00-18:00'}]}",红砖美术馆地处北京市朝阳区崔各庄乡，采中国传统园林意象精心打造，是座怀拥自然的当代美术馆，由收藏家闫士杰和曹梅夫妇创立，2014年5月23日正式开馆。红砖美术馆期望通过有序且高品质的系列展览，结合收藏、 研究、教育、出版和公共活动，推动中国当代艺术的发展，参与国际当代艺术家（项目）交流，展开学术领域突出问题和现象研究，成为中国当代艺术的重要推动者。,{}
什刹海冰场,,4277356,44981577,39.933914,116.392387,,,0,0,4.8,242,https://youimg1.c-ctrip.com/target/10010o000000ez17g305F.jpg,0,0,0,0,,"{'openStatus': '暂停营业', 'openStatusType': 4, 'openTime': '2024年1月11日恢复营业', 'canSubscribed': False, 'hasSubscribed': False, 'openTimeTips': '速滑区：9:00-17:30', 'openTimeDesc': '速滑区：9:00-17:30', 'openDateRuleInfo': [{'dateDesc': '1月3日-2月4日', 'openWeekRuleInfo': [{'weekDesc': '09:00-18:00(最晚入园17:00)'}]}]}",什刹海冰场是京城唯一在人们印象里被标记为浪漫的场所，这里是一代人梦的地方。从明清开始盛行的冰上运动，到今天已经演变成为一种时尚。什刹海冰场品牌已经是家喻户晓了。在什刹海宽阔的冰面上，小朋友摔屁墩不会哭，溜了几十圈冰不会累，连冰车撞在一起都是欢快的尖叫声。冰场上到处都一家人的欢声笑语，到处写满浪漫的爱情故事。,{}
龙庆峡,Longqing Gorge,242,75608,40.551981,116.002806,游山玩水|4A,京郊避暑，戏水，秀美山色,0,0,4.5,2362,https://youimg1.c-ctrip.com/target/0106c120009jfck1u9CFE.jpg,0,0,0,0,3-5小时,"{'openStatus': '暂停营业', 'openStatusType': 4, 'openTime': '营业时间待定', 'canSubscribed': True, 'hasSubscribed': False, 'openTimeTips': '冰灯受天气影响，具体开闭园时间以景区通知为准', 'playSpendTime': '3-5小时', 'openTimeDesc': '冰灯受天气影响，具体开闭园时间以景区通知为准', 'openDateRuleInfo': [{'dateDesc': '1月10日-1月20日', 'openWeekRuleInfo': [{'weekDesc': '14:00-22:00(停止售票21:00,最晚入园21:30)'}]}, {'dateDesc': '1月21日', 'openWeekRuleInfo': [{'weekTime': '周六', 'weekDesc': '14:00-18:30(停止售票17:30,最晚入园18:00)'}]}, {'dateDesc': '1月22日-2月5日', 'openWeekRuleInfo': [{'weekDesc': '10:00-22:00(停止售票21:00,最晚入园21:30)'}]}, {'dateDesc': '2月6日-2月28日', 'openWeekRuleInfo': [{'weekDesc': '14:00-22:00(停止售票21:00,最晚入园21:30)'}]}]}",龙庆峡集南方山水的妩媚和北方山水的雄浑于一体，峡谷曲折，河水碧绿，两岸山崖险峻，溶洞、石笋、石柱密布，被誉为北京市的“小漓江”。春夏季节，人们来这里戏水、踏青；冬季，这里则是一片冰灯的海洋。夏季避暑胜地龙庆峡谷口有一座钢筋混凝土大坝，坝内是个巨型水库。水蓄满时从边孔溢洪道流出，飞流直下，形成壮观的瀑布。谷内风光秀美，山崖上布满造型奇特的石灰岩，根据形状被命名为镇山如来、石熊跳岩、九连洞、鸡冠山、金刚山、马蹄潭、将军岩等，莫不惟妙惟肖。乘坐景区游船，在峡谷里穿行，感受大自然的造化神工。盛夏的龙庆峡，空气清新气候凉爽，平均气温比北京市区低6度左右，是避暑度假的好去处。冬季冰灯艺术节龙庆峡冬季气候寒冷，结冰期较长，利用这独特的自然条件，龙庆峡景区每年冬季都会举办冰灯艺术节，从1987年至今，龙庆峡冰灯艺术展已经成为北京冬季旅游的传统项目。冰灯展位于两山之间的龙庆峡水坝下，水坝自然垂下的巨大冰瀑是冰灯展绝美的背景。冰灯展期间，山谷中灯火璀璨，千姿百态的冰雕雪雕流光溢彩，极为壮观。刺激的游乐项目龙庆峡不仅有优美的自然风光，更有与之相配搭的游乐设施。踏入峡谷口，一条258米长的巨龙头下尾上地悬挂于千仞峭壁，须爪飞扬，这其实是号称亚州第一的龙形电梯。乘坐电梯可直接抵达百花洞附近的游船码头。景区内还设有惊险刺激的比翼滑道，可从百花洞口高速滑行至湖心的翠岛。在百花洞附近可以乘坐索道，直达半山的神仙院。此外，景区内还设有攀岩场、攀冰基地、蹦极、飞降等惊险刺激的项目，极限运动爱好者也能在这里找到属于自己的那份快乐。游玩时间久了也无须担心，景区内吃住游一应俱全。玩累了，你可以在景区内农家乐坐坐，尝尝当地特色的烤全羊、虹鳟鱼等美食。如果一天没玩够，你还可以住在景区内，第二天继续你的欢乐旅程。,"{'儿童': [['1.2米（含）或6周岁（含）以下', '免费']], '未成年人': [['6周岁（不含）-18周岁（含）', '半价']], '老人': [['60周岁（含）以上的老人（凭有效证件）', '半价']], '学生': [['全日制大学本科及以下学历学生（凭有效证件）（不含成人教育）', '半价']], '残疾人': [['凭有效证件', '免费']], '军人': [['现役军人（凭有效证件）', '夏季免费、冬季半价']], '离休干部': [['凭有效证件', '免费']]}"
中国美术馆,National Art Museum of China,62735,87218,39.925251,116.408955,特色展馆,艺术展览更新频繁,0,0,4.8,610,https://youimg1.c-ctrip.com/target/0106912000836av9wAF86.jpg,0,0,0,0,1-2小时,"{'openStatus': '今日已闭园', 'openStatusType': 1, 'canSubscribed': False, 'hasSubscribed': False, 'openTimeHolidayDesc': '中国法定节假日 09:00-17:00', 'playSpendTime': '1-2小时', 'openTimeDesc': '中国法定节假日 09:00-17:00', 'openDateRuleInfo': [{'dateDesc': '全年', 'openWeekRuleInfo': [{'weekTime': '周二至周日', 'weekDesc': '09:00-17:00'}, {'weekTime': '周一', 'weekDesc': '不开放'}]}, {'dateDesc': '中国法定节假日', 'holidayOpenDesc': '09:00-17:00'}]}",中国美术馆以收藏、研究、展示中国近现代艺术家的作品为重点，馆内展示了绘画、雕塑、手工制品等各类美术作品，堪称艺术的宝库。如果你是美术爱好者，这里一定是必到之处。中国美术馆始建于1958年，1962年竣工，壮观的仿古阁楼式建筑与黄色琉璃瓦相互映衬，显得更加金碧辉煌。馆内共分为一至五层，共17个展厅。美术馆主要展出近现代艺术家的书画作品，内容更换十分频繁，没有常设展览。如果想提前知道布展计划，可以在官网查询或打电话咨询。,{}
北京平谷金海湖,Beijing Pinghu District Jinhai Lake,5345,76697,40.181696,117.304294,赏花胜地|游山玩水|亲近大自然|4A,有丰富多彩的水上项目,0,0,4.4,1932,https://youimg1.c-ctrip.com/target/01021120009lmmuuj9868.jpg,40,20,20,20,1-2小时,"{'openStatus': '今日已闭园', 'openStatusType': 1, 'canSubscribed': False, 'hasSubscribed': False, 'playSpendTime': '1-2小时', 'openDateRuleInfo': [{'dateDesc': '3月1日-11月15日', 'openWeekRuleInfo': [{'weekDesc': '08:30-17:30'}]}, {'dateDesc': '11月16日-次年2月28日', 'openWeekRuleInfo': [{'weekDesc': '不开放'}]}]}",金海湖位于北京市平谷区东北侧，是一处以大湖金海湖为主体的景区。景区内有多种水上运动项目，还可以划船、垂钓，在景区外面有很多家度假村和农家，是京郊周末放松出游的好地方。金海湖的面积很大，长度约有2-3公里，湖中有山岭环绕，风景很美。不过如果只来欣赏风景，则会比较单调，景区最主要的还是游玩各种娱乐项目，一般来此游玩2-3小时为宜。景区内的娱乐项目主要有皮划艇、水上摩托、水上飞伞等，另外还有多种游船，如乌篷船、赛龙舟、游船、快艇等，具体价格可参考官网：http://www.jinhaihu.cn/piaowu.htm。在景区内游船时可以靠近到湖区东侧的湖边小山。另外，仅在湖区西侧垂钓，观赏美丽的湖景也是十分不错的。景区的大门外有众多的农家院，另外围绕湖区也有几家宾馆和度假村等。农家的房间价格大概在80-150元左右，有普通的土炕间，也有条件较好的标间。可以游玩之后在此体会乡村生活，品味地道的农家菜。宾馆和度假村的标间价格大概在300元左右，也可以选择入住。,"{'儿童': [['身高1.2米（含）以下或6周岁（含）以下（仅限入园大门票）', '免费'], ['1.2米-1.5米', '半价']], '老人': [['65周岁以上老人', '免费'], ['持老年证', '优惠']], '记者': [['持记者证', '免费']], '离退休人员': [['持离休证', '免费']], '残疾人': [['持残疾证', '免费']], '学生': [['6岁（不含）-18岁（含）未成年人，全日制大学本科及以下凭有效学生证', '优惠']], '军人': [['持军人证', '优惠']], '社会保障金人员': [['持社会保障金领取证', '优惠']]}"
司马台长城,Simatai Great Wall,10404,10558681,40.657921,117.286281,4A|文化古迹,保留了明长城原貌的古长城,0,0,4.7,1046,https://youimg1.c-ctrip.com/target/100t1f000001gqc8v0398.jpg,40,20,20,0,2-4小时,"{'openStatus': '', 'openStatusType': 999, 'canSubscribed': False, 'hasSubscribed': False, 'openTimeTips': '如您选购联票水镇门票+司马台日游长城请注意检票时间：9:00--14:30', 'playSpendTime': '2-4小时', 'openTimeDesc': '如您选购联票水镇门票+司马台日游长城请注意检票时间：9:00--14:30', 'openDateRuleInfo': [{'dateDesc': '全年（日场）', 'openWeekRuleInfo': [{'weekDesc': '09:00-16:10(最晚入园16:00)'}]}, {'dateDesc': '全年（节假日（周五、周六））', 'openWeekRuleInfo': [{'weekDesc': '17:30-21:10(最晚入园20:40)'}]}, {'dateDesc': '全年（非节假日（周日至周四））', 'openWeekRuleInfo': [{'weekDesc': '17:30-20:40(最晚入园20:10)'}]}]}",司马台长城是我国唯一一段保留明长城原貌的古长城。长城沿着刀削斧劈似的山脊修建，险峻无比，也造就了这段长城的城墙形式多样性。长城东段有敌楼16座，西段有18座，景区目前只开放东段10座敌楼（东10号敌楼为止）。原汁原味的长城景点司马台长城是北京地区开放最晚的一处长城景点，地处北京和河北的交界处，和八达岭等长城景点相比，这里距离市区更远些，前来司马台长城的游客一直不多，没有八达岭长城那种人挤人的现象。此外，司马台长城开发时间较晚，避免了过度修缮的问题，与八达岭长城相比，这里更显得原汁原味，放眼望去，几乎都是断墙残垣。每年的秋季，这里的红叶也吸引不少游客前来，在古老的长城上，看满山的红叶，是与香山看红叶的感觉完全不一样。游玩路线参考司马台长城的登山路比较陡峭，从山脚下到敌楼处要走1公里多的上山路，需要一定的体力。在长城脚下有索道可以直接到达“东8楼”和“东5楼”附近，体力有限的游客可以选择乘坐，索道单程90元，往返160元。,"{'儿童': [['18周岁（不含）以下凭身份证等有效身份证件', '免费']], '离休干部': [['离休人员凭国务院、中央军委制发的离休干部荣誉证；', '免费']], '北京地区残疾老人': [['老年人持《北京通―养老助残卡》；', '免费']], '残疾人': [['残疾人凭中国残联制发《残疾人证》；', '免费']], '残疾军人、警察、消防救援人员、预备人员民兵民工、因公伤残人员': [['因战因公致残人员凭退役军人事务部门制发的《残疾军人证》；《伤残人民警察证》；《残疾消防救援人员证》；《伤残预备役人员民兵民工证》；《因公伤残人员证》', '免费']], '记者': [['记者凭新闻出版总署颁发的记者证；', '免费']], '学生': [['18周岁（含）以上的全日制大、中学生凭学生证（不含成人教育及研究生）；', '享受优惠票待遇（20元/人）']], '老人': [['60周岁(不含)以上老年人凭有效身份证件；', '享受优惠票待遇（20元/人）']], '现役军人、消防员': [['现役军人、国家消防救援人员凭有效证件；', '享受优惠票待遇（20元/人）']], '社保领取证人员': [['持有社会保障金领取证的人员', '享受优惠票待遇（20元/人）']]}"
国家图书馆,National Library,107731,90876,39.943918,116.323331,,中国较气派的书房,0,0,4.8,410,https://youimg1.c-ctrip.com/target/10030m000000dhy8h1902.jpg,0,0,0,0,1-2小时,"{'openStatus': '今日已闭园', 'openStatusType': 1, 'canSubscribed': False, 'hasSubscribed': False, 'playSpendTime': '1-2小时', 'openDateRuleInfo': [{'dateDesc': '全年', 'openWeekRuleInfo': [{'weekTime': '周二至周日', 'weekDesc': '09:00-17:00'}, {'weekTime': '周一', 'weekDesc': '不开放'}]}]}",国家图书馆是亚洲规模较大的图书馆，分为南区、北区和古籍馆。各区域用玻璃进行分割，各类书柜集中在图书馆中间，场面非常震撼。无论是来拍摄充满层次感的建筑外观，或是感受浓厚的文化氛围，都是不错的选择。图书馆的主楼为双塔形高楼，裙楼地上5层，地下1层，书库建筑面积6万平方米，设计藏书能力2000万册，馆藏资源丰富。除了在这里借阅书籍，图书馆还会定期举办传统文化讲座，感兴趣的话可以关注图书馆官网的资讯更新。,{}
中央广播电视塔,CCTV Tower,65081,87948,39.919208,116.306957,地标观景|4A,登上塔顶俯瞰北京美景,0,0,4.5,1478,https://youimg1.c-ctrip.com/target/100e1f000001gt1z96C8F.jpg,85,50,85,0,2小时,"{'openStatus': '开园中', 'openStatusType': 0, 'canSubscribed': False, 'hasSubscribed': False, 'playSpendTime': '2小时', 'openDateRuleInfo': [{'dateDesc': '全年', 'openWeekRuleInfo': [{'weekDesc': '08:30-18:00,18:00-22:00(最晚入园21:30)'}]}]}",中央广播电视塔位于北京市海淀区西三环中路西侧，紧邻玉渊潭公园，是北京的第一高塔，也是北京传统的地标建筑。这里可以在外拍照，也可以登塔观光、享用旋转餐厅美食，还可以参观电视发展展示等，值得前来一游。电视塔的建筑是中式的灰色混凝土外表，中间有一座宫灯形的塔楼。整个塔高几百米，远远便可以看到，十分壮观。每到夜晚灯光亮起时，整个电视塔好像一颗巨大的灯笼悬挂在夜空中，在外拍照就很漂亮。俯瞰北京城市美景购票后进入塔内，有三处可以观光。 首先乘坐快速电梯来到位于238米的环形露天观光台，可以俯瞰北京的城市美景，视野非常开阔。在此拍照也十分不错，尤其夜晚时，更是拍摄北京夜景的绝佳之地。观光台处还有免费的望远镜，天气好时可以远望到鸟巢和水立方等建筑，不过人多时需要排队观看。另外还有专门的望远镜可以租用，价格约为30元每支不限时。参观展览第二个景点是225米处的电视文化大厅，通过照片展示了中国电视的发展历史。第三个景点是位于219米处的首都印象展厅，通过雕塑等展示北京的标志印象。这两个展厅内都有免费的讲解可以帮助游客了解展览背后的故事，可以简单参观一下。如果想要专门请导游全程讲解，则需外付费，讲解全程每次100元。旋转餐厅除了这三处外，塔内还有一座旋转餐厅，餐厅为自助式，可以一边欣赏美丽城市风景，一边享用美食，非常小资浪漫。另外，塔内还设置了很多与游客互动的小游戏，可以赠送一些纪念品等，让人觉得十分有趣。,"{'儿童': [['儿童1.2米(不含)以下', '免费'], ['限1.2（含）-1.4米（含）儿童', '儿童票']], '老人': [['60岁（含）以上老年人使用', '老人票']], '残疾人': [['持残疾证每周一', '免费']]}"
烟袋斜街,Yandaixie Street,65334,88035,39.939114,116.394605,街区/小镇,老胡同内感受老北京的气息,0,0,4.5,569,https://youimg1.c-ctrip.com/target/10011f000001h35ckE9BA.jpg,0,0,0,0,2小时,"{'openStatus': '开园中', 'openStatusType': 0, 'canSubscribed': False, 'hasSubscribed': False, 'openTimeTips': '具体营业状态以当天开放情况为准', 'playSpendTime': '2小时', 'openTimeDesc': '具体营业状态以当天开放情况为准', 'openDateRuleInfo': [{'dateDesc': '全年', 'openWeekRuleInfo': [{'weekDesc': '全天开放'}]}]}",烟袋斜街全长200多米，是一条具有传统文化特色的商业步行街。北京剪纸、吹糖人、捏泥人、北京特色小吃、老胡同纪念拍照，各类售卖老北京特色的小店古色古香，充满了古老而独特的市井风情，韵味十足。繁华老街的前世今生烟袋斜街是北京较古老的的一条商业街，在清朝时主要经营烟具，装裱字画和贩卖古玩玉器，是一条繁华的商业街。在人潮涌动的街道上，你时不时就会走到风格迥异的店铺面前，可能以前这些店面里面卖的就是名家字画，但是更多的是些具有特色小吃和民族气息十足的纪念品。其实烟袋斜街本身就宛如一只烟袋。细长的街道好似烟袋杆儿，东头入口像烟袋嘴儿，西头入口折向南边，通往银锭桥，看上去活象烟袋锅儿。正是基于这两方面的原因，以“烟袋”命名斜街，真可谓名副其实了。周边景点密集烟袋斜街位于鼓楼大街与后海之间，周边还有银锭桥、荷花市场、景山公园等有名景点以及姚记炒肝、馄饨侯、南门涮肉等众多名气的特色美食，可以一并游玩。,{}
老舍茶馆,Lao She Teahouse,65352,88036,39.899725,116.393271,相声曲艺|看演出,吃饭喝茶观看传统曲艺,0,0,4.6,861,https://youimg1.c-ctrip.com/target/100i0a0000004t9e6558A.jpg,100,100,100,100,1-2小时,"{'openStatus': '开园中', 'openStatusType': 0, 'canSubscribed': False, 'hasSubscribed': False, 'openTimeTips': '（具体演出时间参考各票种详情）', 'playSpendTime': '1-2小时', 'openTimeDesc': '（具体演出时间参考各票种详情）', 'openDateRuleInfo': [{'dateDesc': '全年', 'openWeekRuleInfo': [{'weekDesc': '10:00-22:00'}]}]}",老舍茶馆已经成为一家汇聚中国戏曲文化、饮食文化、茶文化、京味文化于一身，集老北京清茶馆、餐茶馆、野茶摊、书茶馆等多种形式为一体的综合性文化企业。茶馆分为三层，营业面积2600多平方米。位于二层的“前门四合茶院”以古老经典的北京传统建筑四合院为形制；在保留老北京四合院正房原貌的同时，又体现出“北方庄重、南方素雅”的特色，各厢房错落有致、变化多端，是传统艺术与现代技术的结合。,{}
中粮祥云小镇,Shine Hills,1455236,30793445,40.089723,116.536587,遛娃宝藏地|街区/小镇,,0,0,4.7,782,https://youimg1.c-ctrip.com/target/01056120008lqppsb306C.jpg,0,0,0,0,2-3小时,"{'openStatus': '今日已闭园', 'openStatusType': 1, 'canSubscribed': False, 'hasSubscribed': False, 'playSpendTime': '2-3小时', 'openDateRuleInfo': [{'dateDesc': '全年', 'openWeekRuleInfo': [{'weekDesc': '10:00-21:00'}]}]}",中粮祥云小镇是中粮祥云国际生活区的组成部分，以“国际化、高品质、漫生活、情感圈”为核心定位，集休闲娱乐、美食、购物、特色体验馆于一体。,{}
北京欢乐水魔方,Happy Cube Water Park,139663,100544,39.882547,116.249346,水乐园|嗨玩乐园,玩耍多项水上娱乐项目,0,0,4.3,1610,https://youimg1.c-ctrip.com/target/10050q000000gdupmD9B6.jpg,0,0,0,0,3-8小时,"{'openStatus': '暂停营业', 'openStatusType': 4, 'openTime': '营业时间待定', 'canSubscribed': True, 'hasSubscribed': False, 'openTimeHolidayDesc': '春节 09:30-18:00(最晚入园17:00)', 'playSpendTime': '3-8小时', 'openTimeDesc': '春节 09:30-18:00（17:00停止入园）', 'openDateRuleInfo': [{'dateDesc': '全年', 'openWeekRuleInfo': [{'weekTime': '周一至周五', 'weekDesc': '10:00-17:00(最晚入园16:30)'}, {'weekTime': '周六至周日', 'weekDesc': '09:30-18:00(最晚入园17:00)'}]}, {'dateDesc': '春节', 'holidayOpenDesc': '09:30-18:00(最晚入园17:00)'}]}",北京欢乐水魔方水上乐园将中国传统风情与科技时尚充分融合，精心挑选世界范围内较受热捧的水上游乐项目，共设15个大项，50余条各式滑道。其中超高的“狂怒龙卷风”滑道，亚洲首台“风暴谷”滑道更将为游客带来前所未见的超凡感官体验。乐园内还有非常大的万人海啸造浪池、惊险的巨型海盗船、刺激的尖锋极速滑道、很大的黑暗漩涡等项目。在水上休闲娱乐之余，园内还有餐饮、度假等配套设施，使游客在激情刺激中度过轻松愉快的一天。,{}
中华民族博物院,China Ethnic Culture Park,5284,76652,39.982866,116.391383,,参观各民族特色建筑,0,0,4.5,1086,https://youimg1.c-ctrip.com/target/0105r1200095xlq9uB006.jpg,45,45,45,0,4-5小时,"{'openStatus': '今日已闭园', 'openStatusType': 1, 'canSubscribed': False, 'hasSubscribed': False, 'playSpendTime': '4-5小时', 'openDateRuleInfo': [{'dateDesc': '1月13日-1月20日', 'openWeekRuleInfo': [{'weekDesc': '08:30-18:00(最晚入园17:00)'}]}, {'dateDesc': '1月21日-1月24日', 'openWeekRuleInfo': [{'weekDesc': '08:30-16:00(最晚入园15:00)'}]}, {'dateDesc': '1月25日-12月31日', 'openWeekRuleInfo': [{'weekDesc': '08:30-18:00(最晚入园17:00)'}]}]}",中华民族博物院是一处展示中华各民族风貌的主题公园。园内有仿造各民族特色的房屋、寺院、广场等建筑，在园中漫步即可感受各地风情。另外，还可以参观展示各民族风貌的展览馆，欣赏民俗表演，穿民族服装拍照留念。中华民族博物院的面积很大，长约有1.2公里，宽约有300米，分为南北两园，中间为民族园路。民族园有多个入口，从各个方向均可进入，进入后步行漫步游玩一个个民族区域，观看表演，大约半天时间为宜。中华民族博物院的南北两园内各有一座湖泊，各民族的建筑都沿湖而建。南侧有维吾尔族、摩梭族、纳西族、白族、壮族等多个民族的特色建筑，每座建筑内都有本民族的文化展览，展览一般有图片、文字结合一些民族特色的服饰、文物等，都可以一一参观。南园内，大理三塔、苏公塔、丽江古城四方街等模仿各地标志性的建筑尤其值得参观，拍照也十分不错。北园的面积比南园大一点，这里有傣族、藏族、羌族、珞巴族、苗族、赫哲族等多民族的特色建筑，其中以傣族园区的面积最 大，可以看到东南亚风格的寺庙和房屋，十分具有特色，还可以在这里拍摄美照。与北园一样，这里也有关于各民族文化的展览馆，南园北园加起来正好有56个民族的特色，一个不少。,"{'老人': [['80周岁（含）以上凭老年证或身份证', '免费']], '儿童': [['1.3米（含）以下', '免费']], '残疾人': [['凭残疾证和身份证除国家法定节假日、周六日及每年4月、9月外', '免费']]}"
中山公园,Zhongshan Park,5234,76635,39.910707,116.39434,赏花胜地|城市公园|4A|踏青必去,春天赏郁金香秋季看银杏,0,0,4.8,914,https://youimg1.c-ctrip.com/target/1A0r190000016k56gAA44.jpg,0,0,0,0,1-2小时,"{'openStatus': '今日已闭园', 'openStatusType': 1, 'canSubscribed': False, 'hasSubscribed': False, 'openTimeTips': '具体营业状态以当天开放情况为准。', 'playSpendTime': '1-2小时', 'openTimeDesc': '具体营业状态以当天开放情况为准。', 'openDateRuleInfo': [{'dateDesc': '全年', 'openWeekRuleInfo': [{'weekDesc': '06:30-20:00(最晚入园19:30)'}]}]}",北京中山公园以明清皇帝用来祭祀的“社稷坛”为中心，除了参观历史建筑，了解古代祭祀文化，园内还有不少绿植花卉。每年春天，月季、郁金香等鲜花盛放，秋季还有金黄的银杏叶，是市内悠闲漫步、摄影观光的好去处。游玩概览中山公园面积不大，南北长约600米，东西宽三百米左右，进入后一一步行游览即可。中山公园主要是参观园内的历史建筑和绿植花卉等景观。社稷坛社稷坛在整个中山公园的中心地带，也是公园的核心景点。社稷坛原为明清时帝王祭祀土地神和五谷神要前来的祭坛，坛上用来自全国各地的五色泥土装饰，这种五色的布置在古建筑中十分特别，可以好好参观一下。社稷坛周围也有一些明清时的宫殿建筑和介绍展厅，可以参观拍照。其中保卫和平坊等建筑历史悠久，又蕴含着有关百年来中国兴衰起伏的故事，可以好好看一下牌坊下的介绍。唐花坞和慧芳园唐花坞和慧芳园是两座布局优雅的小园子，尤其是唐花坞，里面有亭台水榭，好像一个精美的小园林。这两个园子现在都以花卉展示为主，每到春天花朵盛放，非常适合前来观花拍照。春天4-5月份时园内会举办郁金香节，大片种植的郁金香开放起来景色优美，吸引大批游人前来观看。其实在郁金香节之前还有月季等花朵盛放，整个春天都可以前来观花，非常漂亮。每到秋季时，园内的一小片银杏林树叶金黄，也是摄影的不错选择。其它玩点除了观赏园景外，公园里还有一座音乐堂，经常会有表演在这里进行。园内还有碰碰车、怡乐城等简单的游乐设施可以带小朋友前来娱乐。另外，公园后面的河上可以泛舟划船。,{}
青龙峡风景区,Qinglong Gorge Scenic Area,10107,78102,40.461807,116.682161,游山玩水|亲近大自然|4A|踏青必去,踏青休闲还有蹦极与攀岩,0,0,4.6,998,https://youimg1.c-ctrip.com/target/01066120008jhgum5032B.jpg,54,27,27,27,0.5-1天,"{'openStatus': '今日已闭园', 'openStatusType': 1, 'canSubscribed': False, 'hasSubscribed': False, 'playSpendTime': '0.5-1天', 'openDateRuleInfo': [{'dateDesc': '全年', 'openWeekRuleInfo': [{'weekDesc': '08:00-17:00'}]}]}",青龙峡四周青山环抱绿水，空气清新，踏青游山时，沿途还能看到明代古长城，是北京市民休闲度假的好去处。除了自然风光，你也可以参加游船、碰碰船、快艇等水上游戏，图刺激的还能试试蹦极和攀岩。青龙峡内建有水库大坝，将整个景区分为两个部分：南部的高峡平湖区和东岸的极限运动场所。在南部的湖区，景区提供了很多水上运动项目，游客可以在这里乘坐游船或快艇在水面遨游，欣赏两岸风光，也可以在浅水区选择竹伐或手划船，或者去玩玩碰碰船、水上步行球等水上游戏。夏季湖区还有游泳池对外开放。如果你喜欢比较刺激的娱乐项目，那就去景区的东岸吧。在青龙峡景区的东岸设有蹦极跳、攀岩、速降等极限娱乐项目。其中蹦极跳台距离水面约60米，是北京市最高的一处蹦极跳台之一；速降全长约300米，落差高达约30米；攀岩高达25米，这些项目都非常具有挑战和刺激性。景区内的水上运动和极限娱乐项目都需要另外付费，具体价格可以参照官网。此外还可以在青龙峡景区内，沿着登山步道步行而上（或者乘坐观光缆车，单程10分钟），到达景区内的最高峰――玉皇台，沿途可以欣赏到明代古长城在群山峻岭中蜿蜒曲折，天气晴朗时，在山顶还能遥望怀柔城区和密云水库。景区内有住宿和餐饮服务，但是大多数游客都是当天返回北京市区，不在景区内住宿。,{}
地坛,Temple of the Earth,5215,76631,39.953428,116.413581,4A|文化古迹,明清皇帝祭祀土地的场所,0,0,4.6,818,https://youimg1.c-ctrip.com/target/100v1f000001h1dneB6E1.jpg,0,0,0,0,2小时,"{'openStatus': '今日已闭园', 'openStatusType': 1, 'canSubscribed': False, 'hasSubscribed': False, 'playSpendTime': '2小时', 'openDateRuleInfo': [{'dateDesc': '5月1日-10月31日', 'openWeekRuleInfo': [{'weekDesc': '06:00-21:30'}]}, {'dateDesc': '11月1日-次年4月30日', 'openWeekRuleInfo': [{'weekDesc': '06:00-20:30'}]}]}",地坛公园是明清时期皇帝祭祀“皇地祗神”的场所，园内有众多的明清时期古建筑，还有祭祀场所和物品展示，可以来此了解祭祀过程。另外，地坛公园环境优美，每年10-11月份，园内银杏黄叶遮天蔽日，十分适合前来摄影拍照。北京的地坛是与天坛相互对应的，因为古人有“天南地北”和“天圆地方”的说法，所以天坛建在南侧，地坛建于北侧。而天坛内的建筑都是圆形，地坛内的建筑则全都是方形，这也是地坛公园内的一大特点，可以留意看看。地坛公园的长宽大约都有六百米左右，在东西南北四面都有入口，游客进入后步行漫步游玩即可，一般游玩两个小时为宜。皇祗室若从南门进入，首先回来到地坛公园内的皇祗室，这里供奉着皇地祗神，还有五岳、五镇、四海、四渎、五陵山的神位，是地坛公园内的主要建筑。除了众多的文物外，这里还是一座文物陈列室，内部展示了编钟、编磬、鼓等众多的祭祀用品，可以在此了解祭祀的物品和过程。方泽坛在皇祗室背后便是地坛公园的核心地坛，地坛又称方泽坛，是皇帝祭祀的主要场所。整个坛呈方形，是北京五大坛（天坛、地坛、日坛、月坛、先农坛）中的第二大坛。坛上还有象征五岳五镇等地的铜鼎、石鼎等，都可以简单参观一下。参观明清古建筑参观完方泽坛后继续前行，是地坛的第二院落。这里有斋宫、钟楼等古建筑。斋宫曾经是皇帝来此祭祀时居住的地方，所以这一院落的环境也比较优美。院内树木众多，有月季园、养生园等小园林景观，有湖水、假山，每到春夏季节还会有花朵开放，环境很是优美。在院落西侧还有精美的牌楼等建筑，都可以参观或拍照。儿童游乐园经过第二院落后便是靠近北门的第三院落，这里的重点是位于东边的儿童游乐园，这里有旋转木马、飞虎奇兵等简单的儿童游乐项目，可以带小朋友前来游玩，每项收费约10-15元左右。秋季赏杏胜地每年的10月下旬到11月上旬，园内的银杏大道都是北京人民拍摄黄叶的热点。地坛公园内的银杏大道是北京古老的银杏路，其中有些银杏树是在明朝建坛时就种下的，每到黄叶时节满眼金黄，十分漂亮。银杏大道位于公园北侧，从北门进入后便可以看到。春节庙会十分热闹春节期间，地坛公园会有盛大的庙会活动。届时公园内会十分热闹，很多出售传统物件的摊位、小吃摊等红红火火。在地坛上，还会有仿清的祭地表演，展示了皇帝祭祀大典的盛况。另外还有各地区和民族的风情表演、乐队表演、相声曲艺表演等，全都十分精彩，可以前来游玩。具体的时间安排可以电话咨询。,"{'儿童': [['6周岁(含)以下或身高1.2米(含)以下，凭有效证件', '免费']], '老人': [['60岁以上老年人持本人《北京通一养老助残卡》；离休人员凭本人离休证', '免费']], '军人': [['军人及武警官兵(含残疾军人)凭本人有效证件或《北京通一民政优待卡》', '免费']], '残疾人': [['凭本人残疾证或《北京通一残疾人服务卡》', '免费']], '消防救援人员': [['国家综合性消防救援人员', '免费']], '社保金人员': [['持社会保障金领取证的人员', '半价']], '学生': [['中、小学生、留学生凭本人中国学生证(不含研究生、成人教育、业余大学\n夜大、函大等)', '半价']]}"
